Location,Name,Frequency,Duplex,Offset,Tone,rToneFreq,cToneFreq,DtcsCode,DtcsPolarity,Mode,TStep,Comment
1,SV5TEN,28.18900,,0,,88.5,88.5,023,NN,FM,12.5,"RODOS ISL., XANTHO MT.-PROF.ILIAS",
2,SV1K,29.66000,-,0.1,,88.5,88.5,023,NN,FM,12.5,"ATHINA, PARNITHA MT.",
3,SW1L,29.69000,-,0.1,Tone,91.5,91.5,023,NN,FM,12.5,"ATHINA, YMITTOS MT.",
4,SV9SIX,50.01000,,0.1,,88.5,88.5,023,NN,FM,12.5,"IRAKLEION, POLIS",
5,SV5SIX,50.01500,,0.1,,88.5,88.5,023,NN,FM,12.5,"RODOS ISL., XANTHO MT.-PROF.ILIAS",
6,SV1SIX,50.04000,,0.1,,88.5,88.5,023,NN,FM,12.5,"ATHINA, POLIS",
7,SV5FOUR,70.01500,,0.1,,88.5,88.5,023,NN,FM,12.5,"RODOS ISL., XANTHO MT.-PROF.ILIAS",
8,SV1FOUR,70.04000,,0.1,,88.5,88.5,023,NN,FM,12.5,"ATHINA, ARTEMIS",
9,SZ1SV,144.41250,,0.1,,88.5,88.5,023,NN,FM,12.5,"ATHINA, PARNITHA MT.",
10,SV1C,144.47500,,0.1,Tone,88.5,88.5,023,NN,FM,12.5,"ANOGEIA, PSILOREITIS MT. (SKINAKAS) - RETHYMNO",
11,SV2P,144.61250,,0.1,Tone,77.0,77.0,023,NN,FM,12.5,"THESSALONIKI, MENEMENI",
12,SV2T,144.63750,,0.1,Tone,88.5,88.5,023,NN,FM,12.5,"NESTORIO, GRAMMOS MT.",
13,SW8H,144.85000,,0.1,Tone,107.2,107.2,023,NN,FM,12.5,"LESVOS ISL., LEPETYMNOS MT.",
14,SV5TWO,144.85000,,0.1,,88.5,88.5,023,NN,FM,12.5,"RODOS ISL., XANTHO MT.-PROF.ILIAS",
15,SV3C,145.25000,,0.1,Tone,88.5,88.5,023,NN,FM,12.5,"PATRA, KASTRON MT.",
16,SV7KOM(A),145.27500,,0.1,Tone,88.5,88.5,023,NN,FM,12.5,"KOMOTINI, ISMAROS MT.",
17,SV5F,145.35000,,0.1,Tone,77.0,77.0,023,NN,FM,12.5,"RODOS ISL., GEN.HOSPITAL RODOU",
18,SV3RQN,145.55000,,0.1,Tone,94.8,94.8,023,NN,FM,12.5,"KYPARISSIA, POLIS",
19,SW8K,145.57500,-,0.6,Tone,107.2,107.2,023,NN,FM,12.5,"NAXOS ISL., MAVROVOUNI MT. - KORONOU",
20,SV2X,145.57500,-,0.6,Tone,79.7,79.7,023,NN,FM,12.5,"POLYGYROS, CHOLOMONTAS MT.",
21,SW8J,145.58750,-,0.6,Tone,107.2,107.2,023,NN,FM,12.5,"NAXOS ISL., MAVROVOUNI MT. - KORONOU",
22,SW2B,145.58750,-,0.6,Tone,79.7,79.7,023,NN,FM,12.5,"POLYGYROS, CHOLOMONTAS MT.",
23,SV8N,145.60000,-,0.6,Tone,107.2,107.2,023,NN,FM,12.5,"CHIOS ISL., KATO PROVATAS MT.",
24,SV6E,145.60000,-,0.6,Tone,88.5,88.5,023,NN,FM,12.5,"IGOUMENITSA, PSILO VOUNO MT.",
25,SV1LAM (A),145.60000,-,0.6,Tone,82.5,82.5,023,NN,FM,12.5,"LAMIA, ANTINITSA MT.",
26,SV9C,145.60000,-,0.6,Tone,74.4,74.4,023,NN,FM,12.5,"MOIRES, ASTEROUSIA MT.-ACHENTRIAS",
27,SV3A,145.60000,-,0.6,Tone,88.5,88.5,023,NN,FM,12.5,"SPARTI, NORTH TAVGETOS MT.-MALEVOS",
28,SV8H,145.60000,-,0.6,Tone,77.0,77.0,023,NN,FM,12.5,"SYROS ISL., PYRGOS MT.-ERMOUPOLIS",
29,SV2O,145.60000,-,0.6,Tone,94.8,94.8,023,NN,FM,12.5,"THESSALONIKI, CHORTIATIS MT.",
30,SV2N,145.61250,-,0.6,Tone,88.5,88.5,023,NN,FM,12.5,"ALEXANDREIA, KYPSELI-IMATHIA",
31,SV1Q,145.61250,-,0.6,Tone,71.9,71.9,023,NN,FM,12.5,"EVVOIA ISL., PROF.ILIAS MT.-ALIVERI",
32,SV8Z,145.61250,-,0.6,Tone,94.8,94.8,023,NN,FM,12.5,"KEFALLONIA ISL., AINOS MT.",
33,SW8B,145.61250,-,0.6,Tone,94.8,94.8,023,NN,FM,12.5,"MILOS ISL., PROF.ILIAS-ADAMAS",
34,SV1A,145.62500,-,0.6,Tone,88.5,88.5,023,NN,FM,12.5,"ATHINA, PARNITHA MT.",
35,SV8G,145.62500,-,0.6,Tone,77.0,77.0,023,NN,FM,12.5,"LEFKADA ISL., ELATI MT.-EGLOUVI",
36,SV5B,145.62500,-,0.6,Tone,77.0,77.0,023,NN,FM,12.5,"RODOS ISL., XANTHO MT.-PROF.ILIAS",
37,SV7C,145.62500,-,0.6,Tone,82.5,82.5,023,NN,FM,12.5,"SERRES, LAILIAS MT.",
38,SV7E,145.62500,-,0.6,Tone,67.0,67.0,023,NN,FM,12.5,"SOUFLI, LEFKIMMI-EVROS",
39,SV7DRA (A),145.63750,-,0.5,Tone,107.2,107.2,023,NN,FM,12.5,"DRAMA, ZACHAROPOULOU HILL",
40,SV8V,145.63750,-,0.6,Tone,107.2,107.2,023,NN,FM,12.5,"SAMOS ISL., KARVOUNIS MT.",
41,SV4H,145.63750,-,0.6,Tone,94.8,94.8,023,NN,FM,12.5,"VOLOS, PILIO MT.",
42,SV4E,145.65000,-,0.6,Tone,82.5,82.5,023,NN,FM,12.5,"LARISSA, KATO OLYMPOS MT.-KALLIPEFKI",
43,SV5A,145.65000,-,0.6,Tone,77.0,77.0,023,NN,FM,12.5,"RODOS ISL., ATTAVYROS MT.-EMPONAS",
44,SV3B,145.65000,-,0.6,Tone,88.5,88.5,023,NN,FM,12.5,"TRIPOLIS, DOLIANITIKO MT.",
45,SV1E,145.65000,-,0.6,Tone,88.5,88.5,023,NN,FM,12.5,"VONITSA, AKARNANIKA MT.",
46,SV7D,145.65000,-,0.6,Tone,71.9,71.9,023,NN,FM,12.5,"XANTHI, MANDRA",
47,SW1A,145.66250,-,0.6,Tone,94.8,94.8,023,NN,FM,12.5,"ATHINA, YMITTOS MT.",
48,SW8A,145.66250,-,0.6,Tone,94.8,94.8,023,NN,FM,12.5,"IKARIA ISL., AITHERAS MT.-AG.KIRYKOS",
49,SV2S,145.66250,-,0.6,Tone,88.5,88.5,023,NN,FM,12.5,"KASTORIA, VERNON MT.(VITSI)",
50,SV9A,145.67500,-,0.6,Tone,88.5,88.5,023,NN,FM,12.5,"IRAKLEION, VASILIKO MT.",
51,SV8R,145.67500,-,0.6,Tone,82.5,82.5,023,NN,FM,12.5,"LEFKADA ISL., ELATI MT.-EGLOUVI",
52,SV2D,145.67500,-,0.6,Tone,88.5,88.5,023,NN,FM,12.5,"THESSALONIKI, PROF.ILIAS MT.-EXOCHI",
53,SV4C,145.67500,-,0.6,Tone,71.9,71.9,023,NN,FM,12.5,"TRIKALA, PROF.ILIAS-TRIKALA",
54,SV1G,145.68750,-,0.6,Tone,94.8,94.8,023,NN,FM,12.5,"ATHINA, PARNITHA MT.",
55,SV2I,145.68750,-,0.6,Tone,67.0,67.0,023,NN,FM,12.5,"KATERINI, PALAIO KERAMIDI - PIERIA",
56,SV8Q,145.68750,-,0.6,Tone,77.0,77.0,023,NN,FM,12.5,"KEFALLONIA ISL., AINOS MT.",
57,SV2J,145.70000,-,0.6,Tone,88.5,88.5,023,NN,FM,12.5,"EDESSA, VORAS MT.",
58,SV9F,145.70000,-,0.6,Tone,74.4,74.4,023,NN,FM,12.5,"IERAPETRA, STAVROS MT.",
59,SV4B,145.70000,-,0.6,Tone,82.5,82.5,023,NN,FM,12.5,"KARDITSA, VOUTSIKAKI MT.",
60,SV8A,145.70000,-,0.6,Tone,88.5,88.5,023,NN,FM,12.5,"KEFALLONIA ISL., AINOS MT.",
61,SV8B,145.70000,-,0.6,Tone,107.2,107.2,023,NN,FM,12.5,"LESVOS ISL., OLYMPOS MT.",
62,SV8E,145.70000,-,0.6,Tone,77.0,77.0,023,NN,FM,12.5,"TINOS ISL., KECHROVOUNI MT.-TINOS",
63,SV8M,145.71250,-,0.6,Tone,107.2,107.2,023,NN,FM,12.5,"NAXOS ISL., ZEUS MT.-FILOTI",
64,SV2KOZ (A),145.71250,-,0.6,Tone,77.0,77.0,023,NN,FM,12.5,"SIATISTA, ASKION MT.-MELLIA",
65,SV7H,145.71250,-,0.6,Tone,91.5,91.5,023,NN,FM,12.5,"STAVROUPOLI, ACHLADOVOUNO MT",
66,SV9B,145.72500,-,0.6,Tone,74.4,74.4,023,NN,FM,12.5,"AGIOS NIKOLAOS, AFENTIS MT.-PLATI-TZERMIADO",
67,SV3H,145.72500,-,0.6,Tone,94.8,94.8,023,NN,FM,12.5,"MEGALOPOLI, TSEMPEROU MT.-DIGEA ",
68,SV4A,145.72500,-,0.6,Tone,88.5,88.5,023,NN,FM,12.5,"VOLOS, PILIO MT.",
69,SW8C,145.73750,-,0.6,Tone,94.8,94.8,023,NN,FM,12.5,"KERKYRA ISL., PANTOKRATORAS MT.",
70,SV3F,145.73750,-,0.6,Tone,88.5,88.5,023,NN,FM,12.5,"KYPARISSIA, KYPARISSIAS MT.-AETOS",
71,SV8U,145.73750,-,0.6,Tone,100.0,100.0,023,NN,FM,12.5,"SYROS ISL., PYRGOS MT.-ERMOUPOLIS",
72,SV7J,145.73750,-,0.6,Tone,94.8,94.8,023,NN,FM,12.5,"THASOS ISL., YPSARION MT.",
73,SV9D,145.75000,-,0.6,Tone,74.4,74.4,023,NN,FM,12.5,"CHANIA, AGIOS MATTHAIOS-KRITI ISL.",
74,SV6B,145.75000,-,0.6,Tone,94.8,94.8,023,NN,FM,12.5,"IOANNINA, MITSIKELI MT.-ASPRANGELOI",
75,SV8C,145.75000,-,0.6,Tone,107.2,107.2,023,NN,FM,12.5,"LESVOS ISL., MONI YPSILOU-ANTISSA",
76,SV1F,145.75000,-,0.6,Tone,88.5,88.5,023,NN,FM,12.5,"NAFPAKTOS, PALAIOPLATANOS MT.",
77,SV8F,145.75000,-,0.6,Tone,77.0,77.0,023,NN,FM,12.5,"NAXOS ISL., ZEUS MT.-FILOTI",
78,SV2A,145.75000,-,0.6,Tone,88.5,88.5,023,NN,FM,12.5,"THESSALONIKI, CHORTIATIS MT.",
79,SV1O,145.76250,-,0.6,,88.5,88.5,23,NN,DV,12.5,"KORINTHOS, GERANEIA MT.",
80,SV2V,145.76250,-,0.6,Tone,79.7,79.7,023,NN,FM,12.5,"NAOUSA, VERMION MT.",
81,SV5E,145.76250,-,0.6,Tone,77.0,77.0,023,NN,FM,12.5,"RODOS ISL., MONTE SMITH-RODOS",
82,SV1B,145.77500,-,0.6,Tone,88.5,88.5,023,NN,FM,12.5,"ATHINA, PENTELIKON MT.",
83,SV6C,145.77500,-,0.6,Tone,88.5,88.5,023,NN,FM,12.5,"IOANNINA, MITSIKELI MT.-LIGKIADES",
84,SV5C,145.77500,-,0.6,Tone,88.5,88.5,023,NN,FM,12.5,"KOS ISL., AGIOS DIKAIOS MT. (SYMPETO)",
85,SV7A,145.77500,-,0.6,Tone,77.0,77.0,023,NN,FM,12.5,"THASOS ISL., YPSARION MT.",
86,SW8I,145.78750,-,0.6,Tone,100.0,100.0,023,NN,FM,12.5,"AMORGOS ISL., KOUTOULOS MT.-THOLARIA ",
87,SV1X,145.78750,-,0.6,Tone,94.8,94.8,023,NN,FM,12.5,"ATALANTI, CHLOMON MT.",
88,SV9G,145.78750,-,0.6,Tone,94.8,94.8,023,NN,FM,12.5,"IRAKLEION, RODIA ANT 1 TV",
89,SV3D,145.78750,-,0.6,Tone,77.0,77.0,023,NN,FM,12.5,"NAFPLIO, DIDYMON MT.-DIDYMA",
90,SV2Y,145.78750,-,0.6,Tone,79.7,79.7,023,NN,FM,12.5,"THESSALONIKI, CHORTIATIS MT.",
91,SV5A,430.06250,,0.6,Tone,77.0,77.0,023,NN,FM,12.5,"KALYMNOS ISL., AG.PANTES MT.-KALYMNOS",
92,SV8U,430.22500,,0.6,Tone,100.0,100.0,023,NN,FM,12.5,"NAFPLIO, DIDYMON MT.-DIDYMA",
93,SV5A,430.30000,,0.6,Tone,77.0,77.0,023,NN,FM,12.5,"RODOS ISL., FOURKES-LINDOS",
94,SV8U,430.32500,,0.6,Tone,100.0,100.0,023,NN,FM,12.5,"AMORGOS ISL., KOUTOULOS MT.-THOLARIA",
95,SV3D,430.40000,,0.6,Tone,77.0,77.0,023,NN,FM,12.5,"MOLAOI, KOULOCHERA MT.",
96,SV7E,430.42500,,0.6,Tone,67.0,67.0,023,NN,FM,12.5,"DIDYMOTEICHO, POLIS",
97,SV9B,430.42500,,0.6,Tone,74.4,74.4,023,NN,FM,12.5,"RETHYMNO, BOUMPARDOPYRGOS MT.-BALI",
98,SV5A,430.45000,,0.6,Tone,77.0,77.0,023,NN,FM,12.5,"KARPATHOS ISL., SPOA HILL-KARPATHOS",
99,SV4C,430.45000,,0.6,Tone,71.9,71.9,023,NN,FM,12.5,"TRIKALA, PROF.ILIAS-TAXIARCHES",
100,SV9B,430.47500,,0.6,Tone,74.4,74.4,023,NN,FM,12.5,"CHANIA, MALAXA-KRITI ISL.",
101,SV4A,430.50000,,0.6,Tone,88.5,88.5,023,NN,FM,12.5,"EDESSA, KERASIA MESIMERIOU-PELLA",
102,SV5A,430.50000,,0.6,Tone,77.0,77.0,023,NN,FM,12.5,"MEGISTI(KASTELORIZO) ISL., VIGLA MT.",
103,SV7H,430.51250,,0.6,Tone,91.5,91.5,023,NN,FM,12.5,"XANTHI, MELITI MT.-TOXOTES",
104,SV7E,430.52500,,0.6,Tone,67.0,67.0,023,NN,FM,12.5,"DIDYMOTEICHO, METAXADES-EVROU",
105,SV9B,430.52500,,0.6,Tone,74.4,74.4,023,NN,FM,12.5,"TINOS ISL., KECHROVOUNI MT.-TINOS",
106,SV7E,430.55000,,0.6,Tone,67.0,67.0,023,NN,FM,12.5,"ALEXANDROUPOLIS, PLAKA SATELITE",
107,SV9B,430.55000,,0.6,Tone,74.4,74.4,023,NN,FM,12.5,"MOIRES, GRIA VIGLA MT.-POMPIA",
108,SV5A,430.55000,,0.6,Tone,77.0,77.0,023,NN,FM,12.5,"SYMI ISL., VIGLA MT.-SYMI",
109,SV8H,430.57500,,0.6,Tone,77.0,77.0,023,NN,FM,12.5,"ATHINA, PARNITHA MT.",
110,SV9B,430.57500,,0.6,Tone,74.4,74.4,023,NN,FM,12.5,"MOIRES, ASTEROUSIA MT.-ACHENTRIAS",
111,SV7E,430.57500,,0.6,Tone,67.0,67.0,023,NN,FM,12.5,"ORESTIADA, PENTALOFOS-EVROU",
112,SV8C,430.60000,,0.6,Tone,107.2,107.2,023,NN,FM,12.5,"LESVOS ISL., VIGLA MT.-PLOMARI",
113,SV9B,430.60000,,0.6,Tone,88.5,88.5,023,NN,FM,12.5,"RODOS ISL., XANTHO MT.-PROF.ILIAS",
114,SV7H,430.61250,,0.6,Tone,91.5,91.5,023,NN,FM,12.5,"DRAMA, NEA AMISOS-DRAMA",
115,SV7C,430.62500,,0.6,Tone,82.5,82.5,023,NN,FM,12.5,"KOLINDROS, POLIS",
116,SV5B,430.62500,,0.6,Tone,77.0,77.0,023,NN,FM,12.5,"RODOS ISL., MONTE SMITH-RODOS",
117,SV7E,430.62500,,0.6,Tone,67.0,67.0,023,NN,FM,12.5,"SOUFLI, EVROS",
118,SV4C,430.65000,,0.6,Tone,71.9,71.9,023,NN,FM,12.5,"KALAMPAKA, CHASIA MT.-ORTHOVOUNI",
119,SV8C,430.65000,,0.6,Tone,107.2,107.2,023,NN,FM,12.5,"LESVOS ISL., ALYFANTA-MYTILINI",
120,SV5A,430.65000,,0.6,Tone,77.0,77.0,023,NN,FM,12.5,"RODOS ISL., MONTE SMITH-RODOS",
121,SV2I,430.66250,,0.6,Tone,67.0,67.0,023,NN,FM,12.5,"LITOCHORON, STAVROS REFUGE",
122,SV7H,430.66250,,0.6,Tone,91.5,91.5,023,NN,FM,12.5,"STAVROUPOLI, ACHLADOVOUNO MT.",
123,SV8R,430.67500,,0.6,Tone,88.5,88.5,023,NN,FM,12.5,"IOANNINA, TZOUMERKA MT.",
124,SV2I,430.68750,,0.6,Tone,67.0,67.0,023,NN,FM,12.5,"KOLINDROS, POLIS",
125,SV2J,430.70000,,0.6,Tone,88.5,88.5,023,NN,FM,12.5,"EDESSA, KERASIA MESIMERIOU-PELLA",
126,SV7H,430.71250,,0.6,Tone,91.5,91.5,023,NN,FM,12.5,"SERRES, MAVROVOUNI MT.-PONTOKERASIA",
127,SV7H,430.71250,,0.6,Tone,91.5,91.5,023,NN,FM,12.5,"XANTHI, SZ7XTH HQ",
128,SV7E,430.72500,,0.6,Tone,67.0,67.0,023,NN,FM,12.5,"ORESTIADA, PATAGI",
129,SV6C,430.77500,,0.6,Tone,88.5,88.5,023,NN,FM,12.5,"ARGOS ORESTIKON, PROF.ILIAS MT.-VOGATSIKON",
130,SV6C,430.77500,,0.6,Tone,88.5,88.5,023,NN,FM,12.5,"FILIPPIADA, XEROVOUNI ",
131,SV1A,430.80000,,0.6,Tone,77.0,77.0,023,NN,FM,12.5,"CHIOS ISL., KATO PROVATAS MT.",
132,SV1A,430.80000,,0.6,Tone,88.5,88.5,023,NN,FM,12.5,"SPARTI, GORANOI",
133,SV7H,430.81250,,0.6,Tone,91.5,91.5,023,NN,FM,12.5,"FERES, KIPOI-EVROU",
134,SV9A,430.82500,,0.6,Tone,88.5,88.5,023,NN,FM,12.5,"CHANIA, TROULOS MT.-RODOPOS",
135,SV8H,430.82500,,0.6,Tone,77.0,77.0,023,NN,FM,12.5,"IKARIA ISL., AITHERAS MT.-AG.KIRYKOS",
136,SV1A,430.85000,,0.6,Tone,88.5,88.5,023,NN,FM,12.5,"ANOGEIA, PSILOREITIS MT. (SKINAKAS) - RETHYMNO",
137,SV9D,430.85000,,0.6,Tone,74.4,74.4,023,NN,FM,12.5,"PALEOCHORA, AGIOS DIKAIOS MT.-ELOS",
138,SV9B,430.85000,,0.6,Tone,74.4,74.4,023,NN,FM,12.5,"SITEIA, SITEIA'S MT. (CHONOS)",
139,SV1A,430.85000,,0.6,Tone,71.9,71.9,023,NN,FM,12.5,"TRIKALA, PROF.ILIAS-TRIKALA",
140,SV1LAM (A),430.87500,,0.6,Tone,82.5,82.5,023,NN,FM,12.5,"ATALANTI, CHLOMON MT.",
141,SV9B,430.87500,,0.6,Tone,74.4,74.4,023,NN,FM,12.5,"IERAPETRA, THRYPTI MT.",
142,SV6C,430.87500,,0.6,Tone,88.5,88.5,023,NN,FM,12.5,"VEROIA, VERMION MT.-SELI",
143,SV4A,430.90000,,0.6,Tone,88.5,88.5,023,NN,FM,12.5,"ATHINA, PENTELIKON MT.",
144,SV4A,430.90000,,0.6,Tone,88.5,88.5,023,NN,FM,12.5,"PATRA, AROI",
145,SV9D,430.90000,,0.6,Tone,74.4,74.4,023,NN,FM,12.5,"RETHYMNO, VRYSINAS MT.",
146,SV4A,430.90000,,0.6,Tone,88.5,88.5,023,NN,FM,12.5,"SERRES, AGIO PNEVMA-SERRES",
147,SV7H,430.91250,,0.6,Tone,91.5,91.5,023,NN,FM,12.5,"ALEXANDROUPOLIS, PLAKA SATELITE",
148,SV9A,430.92500,,0.6,Tone,88.5,88.5,023,NN,FM,12.5,"ATHINA, YMITTOS MT.",
149,SV8A,430.95000,,0.6,Tone,88.5,88.5,023,NN,FM,12.5,"IOANNINA, PROF.ILIAS-MANOLIASA",
150,SV8A,430.95000,,0.6,Tone,88.5,88.5,023,NN,FM,12.5,"KORINTHOS, GERANEIA MT.",
151,SV2A,430.97500,,0.6,Tone,88.5,88.5,023,NN,FM,12.5,"ATHINA, PARNITHA MT.",
152,SV2A,430.97500,,0.6,Tone,88.5,88.5,023,NN,FM,12.5,"SERRES, KEFALOCHORI-SERRES",
153,SV4A,432.40000,,0.6,Tone,100.0,100.0,023,NN,FM,12.5,"CHIOS ISL., KATO PROVATAS MT.",
154,SZ1SV,432.81250,,0.6,,88.5,88.5,023,NN,FM,12.5,"ATHINA, PARNITHA MT.",
155,SV1C,434.62500,-,1.6,Tone,88.5,88.5,023,NN,FM,12.5,"ATHINA, YMITTOS MT.",
156,SV5D,434.62500,-,1.6,,88.5,88.5,023,NN,FM,12.5,"RODOS ISL., MONTE SMITH-RODOS",
157,SV2Z,434.62500,-,1.6,Tone,79.7,79.7,023,NN,FM,12.5,"THESSALONIKI, CHORTIATIS MT.",
158,SV1H,434.65000,-,2,Tone,77.0,77.0,023,NN,FM,12.5,"ATHINA, PARNITHA MT.",
159,SV7B,434.65000,-,1.6,Tone,77.0,77.0,023,NN,FM,12.5,"ELEFTHEROUPOLIS, PANGAIO MT.",
160,SV8K,434.65000,-,1.6,Tone,107.2,107.2,023,NN,FM,12.5,"IKARIA ISL., AITHERAS MT.-AG.KIRYKOS",
161,SV8T,434.67500,-,1.6,Tone,82.5,82.5,023,NN,FM,12.5,"LEFKADA ISL., ELATI MT.",
162,SV4D,434.70000,-,1.6,Tone,88.5,88.5,023,NN,FM,12.5,"KARDITSA, VOUTSIKAKI MT.",
163,SV1D,434.72500,-,2,Tone,88.5,88.5,023,NN,FM,12.5,"ATHINA, PARNITHA MT.",
164,SV2G,434.75000,-,1.6,Tone,88.5,88.5,023,NN,FM,12.5,"THESSALONIKI, PROF.ILIAS MT.-EXOCHI",
165,SV8W,434.80000,-,1.6,Tone,71.9,71.9,023,NN,FM,12.5,"EVVOIA ISL., PROF.ILIAS MT.-ALIVERI",
166,SV8E,438.05000,,1.6,Tone,77.0,77.0,023,NN,FM,12.5,"IKARIA ISL., AITHERAS MT.-AG.KIRYKOS",
167,SV2H,438.35000,-,7.6,,88.5,88.5,23,NN,DV,12.5,"KATERINI, PALAIO KERAMIDI - PIERIA",
168,SV1Y,438.42500,-,7.6,,88.5,88.5,23,NN,DV,12.5,"ATHINA, PARNITHA MT.",
169,SV4J,438.42500,-,7.6,,88.5,88.5,23,NN,DV,12.5,"VOLOS, PILIO MT.",
170,SW1E,438.45000,-,7.6,Tone,94.8,94.8,023,NN,FM,12.5,"THIVA, KITHAIRONAS MT.",
171,SV1J,438.45000,-,7.6,Tone,94.8,94.8,023,NN,FM,12.5,"VONITSA, AKARNANIKA MT.",
172,SW8G,438.55000,-,7.6,Tone,94.8,94.8,023,NN,FM,12.5,"EVVOIA ISL., PROF.ILIAS MT.-ALIVERI",
173,SV4L,438.57500,-,7.6,Tone,94.8,94.8,023,NN,FM,12.5,"LARISSA, TITANOS MT.(DORVOUTSI)",
174,SW8F,438.57500,-,7.6,Tone,94.8,94.8,023,NN,FM,12.5,"PAROS ISL., AG.PANTES MT.-PAROS",
175,SV6A,438.60000,-,7.6,Tone,94.8,94.8,023,NN,FM,12.5,"ARTA, XIROVOUNI MT.",
176,SV3M,438.60000,-,7.6,Tone,94.8,94.8,023,NN,FM,12.5,"MOLAOI, KOULOCHERA MT.",
177,SW1K,438.61250,-,7.6,Tone,91.5,91.5,023,NN,FM,12.5,"THIVA, KITHAIRONAS MT.",
178,SV2B,438.62500,-,7.6,Tone,94.8,94.8,023,NN,FM,12.5,"KASTORIA, ANT1 TV KASTORIA",
179,SV7I,438.62500,-,7.6,Tone,94.8,94.8,023,NN,FM,12.5,"SERRES, ANT1 TV KAGIAS-SERRES",
180,SW2A,438.63750,-,7.6,,88.5,88.5,23,NN,DV,12.5,"KASTORIA, VERNON MT.(VITSI)",
181,SW1J,438.63750,-,7.6,,88.5,88.5,23,NN,DV,12.5,"THIVA, KITHAIRONAS MT.",
182,SV3D,438.65000,,7.6,Tone,77.0,77.0,023,NN,FM,12.5,"CHANIA, MALAXA-KRITI ISL.",
183,SW8D,438.65000,-,7.6,Tone,94.8,94.8,023,NN,FM,12.5,"EVVOIA ISL., PROF.ILIAS MT.-LICHADA",
184,SV6IOA (A),438.65000,-,7.6,Tone,88.5,88.5,023,NN,FM,12.5,"IOANNINA, MITSIKELI MT.-LIGKIADES",
185,SV3I,438.65000,-,7.6,Tone,94.8,94.8,023,NN,FM,12.5,"PATRA, PANACHAIKON MT.-ANO KASTRITSI",
186,SV5F,438.65000,-,7.6,Tone,77.0,77.0,023,NN,FM,12.5,"RODOS ISL., XANTHO MT.-PROF.ILIAS",
187,SV2C,438.65000,-,7.6,Tone,94.8,94.8,023,NN,FM,12.5,"SERVIA, METAXAS ANT 1 TV",
188,SV6F,438.67500,-,7.6,Tone,94.8,94.8,023,NN,FM,12.5,"IOANNINA, ANT1 TV LIGKIADES",
189,SV3J,438.67500,-,7.6,Tone,94.8,94.8,023,NN,FM,12.5,"KORINTHOS, NYFITSA MT.-STEFANI",
190,SV2KOZ (B),438.70000,-,7.6,Tone,77.0,77.0,023,NN,FM,12.5,"KOZANI, PROF.ILIAS ",
191,SV9H,438.70000,-,7.6,Tone,74.4,74.4,023,NN,FM,12.5,"RETHYMNO, VRYSINAS MT.",
192,SW1H,438.71250,-,7.6,Tone,91.5,91.5,023,NN,FM,12.5,"ATHINA, YMITTOS MT.",
193,SV9E,438.72500,-,7.6,Tone,74.4,74.4,023,NN,FM,12.5,"IRAKLEION, GIOUCHTAS MT.-ARCHANES",
194,SV2E,438.72500,-,7.6,Tone,82.5,82.5,023,NN,FM,12.5,"THESSALONIKI, MENEMENI",
195,SW1I,438.73750,-,7.6,,88.5,88.5,23,NN,DV,12.5,"ATHINA, YMITTOS MT.",
196,SV6IOA (B),438.73750,-,7.6,,88.5,88.5,23,NN,DV,12.5,"IOANNINA, MITSIKELI MT.-LIGKIADES",
197,SV9I,438.75000,-,7.6,Tone,74.4,74.4,023,NN,FM,12.5,"CHANIA, MALAXA-KRITI ISL.",
198,SV6D,438.77500,-,7.6,Tone,88.5,88.5,023,NN,FM,12.5,"IOANNINA, MITSIKELI MT.-LIGKIADES",
199,SZ9ERK,438.77500,-,7.6,,88.5,88.5,23,NN,DV,12.5,"IRAKLEION, POLIS",
200,SV6ART (A),438.80000,-,7.6,Tone,71.9,71.9,023,NN,FM,12.5,"ARTA, PERANTHI",
201,SV8E,438.80000,,7.6,Tone,77.0,77.0,023,NN,FM,12.5,"ATHINA, YMITTOS MT.",
202,SV7KOM(A),438.80000,-,7.6,Tone,88.5,88.5,023,NN,FM,12.5,"KOMOTINI, PALEON FROURION",
203,SV9IRA (A),438.80000,-,7.6,Tone,74.4,74.4,023,NN,FM,12.5,"MOIRES, GRIA VIGLA MT.-POMPIA",
204,SW1F,438.81250,-,7.6,,88.5,88.5,023,NN,FM,12.5,"ATHINA, YMITTOS MT.",
205,SV8M,438.82500,,7.6,Tone,107.2,107.2,023,NN,FM,12.5,"IKARIA ISL., AITHERAS MT.-AG.KIRYKOS",
206,SV2U,438.83750,,7.6,Tone,88.5,88.5,023,NN,FM,12.5,"KASTORIA, POLIS",
207,SV2K,438.83750,-,7.6,,88.5,88.5,23,NN,DV,12.5,"THESSALONIKI, SYKIES",
208,SW1G,438.83750,-,7.6,Tone,91.5,91.5,023,NN,FM,12.5,"THIVA, KITHAIRONAS MT.",
209,SV8M,438.85000,,7.6,Tone,88.5,88.5,023,NN,FM,12.5,"ANOGEIA, PSILOREITIS MT. (SKINAKAS) - RETHYMNO",
210,SW1C,438.87500,-,7.6,Tone,94.8,94.8,023,NN,FM,12.5,"ATHINA, AIGALEO MT.",
211,SV9A,438.87500,,7.6,Tone,88.5,88.5,023,NN,FM,12.5,"SITEIA, PLAGIES MT.-ZIROS",
212,SV1V,438.90000,-,7.6,Tone,94.8,94.8,023,NN,FM,12.5,"ATHINA, AIGALEO MT.",
213,SV4K,438.90000,-,7.6,Tone,94.8,94.8,023,NN,FM,12.5,"VOLOS, ANT1 TV SOROS",
214,SV8M,438.92500,,7.6,Tone,107.2,107.2,023,NN,FM,12.5,"ATHINA, YMITTOS MT.",
215,SW1D,438.95000,-,7.6,Tone,94.8,94.8,023,NN,FM,12.5,"ATHINA, PARNITHA MT.",
216,SV3F,438.95000,,7.6,Tone,88.5,88.5,023,NN,FM,12.5,"KORINTHOS, GERANEIA MT.",
217,SV1U,439.00000,-,7.6,Tone,94.8,94.8,023,NN,FM,12.5,"ATHINA, YMITTOS MT.",
218,SV3C,439.00000,-,7.6,Tone,88.5,88.5,023,NN,FM,12.5,"PATRA, AROI",
219,SV2L,439.00000,-,7.6,Tone,77.0,77.0,023,NN,FM,12.5,"THESSALONIKI, EVOSMOS",
220,SV2T,439.02500,-,7.6,Tone,88.5,88.5,023,NN,FM,12.5,"KASTORIA, KORYFI MT. (PSALIDA)",
221,SV8J,439.02500,-,7.6,Tone,94.8,94.8,023,NN,FM,12.5,"KERKYRA ISL., PANTOKRATORAS MT.",
222,SV8D,439.02500,-,7.6,Tone,107.2,107.2,023,NN,FM,12.5,"LESVOS ISL., ALYFANTA-MYTILINI",
223,SV8I,439.02500,-,7.6,Tone,88.5,88.5,023,NN,FM,12.5,"NAXOS ISL., ZEUS MT.-FILOTI",
224,SV3PTR (A),439.02500,-,7.6,Tone,88.5,88.5,023,NN,FM,12.5,"PATRA, PANTANASSA",
225,SV1T,439.05000,-,7.6,Tone,94.8,94.8,023,NN,FM,12.5,"ATHINA, PARNITHA MT.",
226,SV4N,439.07500,-,7.6,Tone,71.9,71.9,023,NN,FM,12.5,"MOUZAKI, ITAMOS MT.-PORPI",
227,SV3L,439.07500,-,7.6,Tone,94.8,94.8,023,NN,FM,12.5,"NAFPLIO, DIDYMON MT.-DIDYMA",
228,SV1AGR(A),439.10000,-,7.6,Tone,88.5,88.5,023,NN,FM,12.5,"AGRINIO, THERMO",
229,SV1L,439.10000,-,7.6,Tone,94.8,94.8,023,NN,FM,12.5,"ATHINA, YMITTOS MT.",
230,SV4LAR (A),439.10000,-,7.6,Tone,82.5,82.5,023,NN,FM,12.5,"LARISSA, NEAPOLI",
231,SV7G,439.10000,-,7.6,Tone,77.0,77.0,023,NN,FM,12.5,"SERRES, KEFALOCHORI-SERRES",
232,SW8E,439.12500,-,7.6,Tone,94.8,94.8,023,NN,FM,12.5,"AIGINA ISL., ANT1 TV AIGINA",
233,SZ7SER,439.12500,-,7.6,,88.5,88.5,23,NN,DV,12.5,"SERRES, POLIS",
234,SW1B,439.15000,-,7.6,Tone,94.8,94.8,023,NN,FM,12.5,"ATHINA, PARNITHA MT.",
235,SV2KOZ (C),439.15000,-,7.6,Tone,82.5,82.5,023,NN,FM,12.5,"KOZANI, POLIS",
236,SV1Z,439.15000,-,7.6,Tone,94.8,94.8,023,NN,FM,12.5,"MESOLONGI, ARAKYNTHOS MT.-ELLINIKA",
237,SV1M,439.17500,-,7.6,Tone,77.0,77.0,023,NN,FM,12.5,"ATHINA, YMITTOS MT.",
238,SV1S,439.20000,-,7.6,Tone,94.8,94.8,023,NN,FM,12.5,"ATHINA, YMITTOS MT.",
239,SV2W,439.20000,-,7.6,Tone,79.7,79.7,023,NN,FM,12.5,"NAOUSA, VERMION MT.",
240,SV8X,439.22500,-,7.6,Tone,107.2,107.2,023,NN,FM,12.5,"NAXOS ISL., MAVROVOUNI MT. - KORONOU",
241,SV8O,439.27500,-,7.6,Tone,77.0,77.0,023,NN,FM,12.5,"EVVOIA ISL., PRASINO-ALIVERI",
242,SV2P,439.27500,-,7.6,Tone,77.0,77.0,023,NN,FM,12.5,"THESSALONIKI, CHORTIATIS MT.",
243,SV2Q,439.31250,-,7.6,,88.5,88.5,23,NN,DV,12.5,"FLORINA, VERNON MT.",
244,SV2M,439.32500,-,7.6,Tone,88.5,88.5,023,NN,FM,12.5,"ALEXANDREIA, KYPSELI-IMATHIA",
245,SV1I,439.32500,-,7.6,Tone,77.0,77.0,023,NN,FM,12.5,"ATHINA, PENTELIKON MT.",
246,SV2R,439.33750,-,7.6,Tone,88.5,88.5,023,NN,FM,12.5,"FLORINA, VERNON MT.",
247,SV1N,439.35000,-,7.6,Tone,94.8,94.8,023,NN,FM,12.5,"ATHINA, YMITTOS MT.",
248,SV3E,439.35000,-,7.6,Tone,77.0,77.0,023,NN,FM,12.5,"KORINTHOS, GERANEIA MT.",
249,SW8H,439.35000,-,7.6,Tone,107.2,107.2,023,NN,FM,12.5,"LESVOS ISL., KAMARES-MYTILINI",
250,SV8P,439.37500,-,7.6,Tone,77.0,77.0,023,NN,FM,12.5,"PAROS ISL., AG.PANTES MT.-PAROS",
251,SV4M,439.37500,-,7.6,,88.5,88.5,23,NN,DV,12.5,"VOLOS, PILIO MT.",
252,SV3G,439.40000,-,7.6,,88.5,88.5,23,NN,DV,12.5,"TRIPOLIS, DOLIANITIKO MT.",
253,SV4F,439.40000,-,7.6,Tone,88.5,88.5,023,NN,FM,12.5,"VOLOS, PILIO MT.",
254,SV8Y,439.42500,-,7.6,Tone,88.5,88.5,023,NN,FM,12.5,"ALONNISOS ISL., VOUNO MT.-PATITIRI",
255,SV1P,439.42500,-,7.6,,88.5,88.5,23,NN,DV,12.5,"ATHINA, YMITTOS MT.",
256,SV3K,439.42500,-,7.6,,88.5,88.5,23,NN,DV,12.5,"KYPARISSIA, KYPARISSIAS MT.-AETOS",
257,SV2F,439.42500,-,7.6,,88.5,88.5,23,NN,DV,12.5,"THESSALONIKI, CHORTIATIS MT.",
258,SV8S,439.42500,-,7.6,,88.5,88.5,23,NN,DV,12.5,"ZAKYNTHOS ISL., SKOPOS MT.",
259,SV1P,1240.62500,,7.6,,88.5,88.5,23,NN,DV,12.5,"ATHINA, YMITTOS MT.",
260,SV2F,1240.62500,,7.6,,88.5,88.5,23,NN,DV,12.5,"THESSALONIKI, CHORTIATIS MT.",
261,SV4M,1240.62500,,7.6,,88.5,88.5,23,NN,DV,12.5,"VOLOS, PILIO MT.",
262,SV1R,1240.72500,,7.6,,88.5,88.5,23,NN,DV,12.5,"ATHINA, PARNITHA MT.",
263,SV4I,1240.72500,,7.6,,88.5,88.5,23,NN,DV,12.5,"VOLOS, PILIO MT.",
264,SW1I,1240.82500,,7.6,,88.5,88.5,23,NN,DV,12.5,"ATHINA, YMITTOS MT.",
265,SV8Y,1298.00000,,7.6,Tone,88.5,88.5,023,NN,FM,12.5,"ALONNISOS ISL., VOUNO MT.-PATITIRI",
266,SV4F,1298.00000,,7.6,Tone,88.5,88.5,023,NN,FM,12.5,"VOLOS, PILIO MT.",
267,SV1P,1298.02500,-,28,,88.5,88.5,23,NN,DV,12.5,"ATHINA, YMITTOS MT.",
268,SV1W,1298.05000,-,28,,88.5,88.5,023,NN,FM,12.5,"ATHINA, YMITTOS MT.",
269,SW1I,1298.10000,-,28,,88.5,88.5,23,NN,DV,12.5,"ATHINA, YMITTOS MT.",
270,SW1M,1298.20000,-,28,Tone,91.5,91.5,023,NN,FM,12.5,"ATHINA, YMITTOS MT.",
