Location,Name,Frequency,Duplex,Offset,Tone,rToneFreq,cToneFreq,DtcsCode,DtcsPolarity,Mode,TStep,Comment
1,OK0MF,51.97000,-,0.6,Tone,88.5,88.5,023,NN,FM,12.5,"Jablonn",
2,OK0MF,51.97000,-,0.6,Tone,88.5,88.5,023,NN,FM,12.5,"Suchy Vrch, Suchy Vrch",
3,OK2JF,144.86250,,0.6,,88.5,88.5,23,NN,DV,12.5,"Zdar Nad Sazavou",
4,OK0EB,145.57500,-,0.6,Tone,88.5,88.5,023,NN,FM,12.5,"Klet",
5,OK0DHD,145.58750,-,0.6,,88.5,88.5,23,NN,DV,12.5,"Blansko - Sosuvka",
6,OK0POR,145.58750,-,0.6,,88.5,88.5,23,NN,DV,12.5,"Vidovice",
7,OK0O,145.60000,-,0.6,Tone,136.5,136.5,023,NN,FM,12.5,"Olomouc - Pohorany",
8,OK0AD,145.60000,-,0.6,Tone,88.5,88.5,023,NN,FM,12.5,"Ostrava, Poruba",
9,OK0N,145.60000,-,0.6,Tone,88.5,88.5,023,NN,FM,12.5,"Praha - Zizkov",
10,OK0AG,145.60000,-,0.6,Tone,1750,1750,023,NN,FM,12.5,"Trebic - Dalesice",
11,OK0ABA,145.61250,-,0.6,,88.5,88.5,023,NN,FM,12.5,"Brno - Kohoutovice",
12,OK0AE,145.61250,-,0.6,,88.5,88.5,023,NN,FM,12.5,"Krkavec",
13,OK0MM,145.62500,-,0.6,Tone,88.5,88.5,023,NN,FM,12.5,"Kozlov u Chysek",
14,OK0OZL,145.63750,-,0.6,Tone,136.5,136.5,023,NN,FM,12.5,"Zlin",
15,OK0E,145.65000,-,0.6,,88.5,88.5,023,NN,FM,12.5,"Klinovec",
16,OK0D,145.65000,-,0.6,Tone,88.5,88.5,023,NN,FM,12.5,"Lysa Hora",
17,OK0AA,145.66250,-,0.6,Tone,103.5,103.5,023,NN,FM,12.5,"Mesnice, okr. Pelhrimov",
18,OK0H,145.67500,-,0.6,,88.5,88.5,023,NN,FM,12.5,"Devin",
19,OK0DJ,145.68750,-,0.6,,88.5,88.5,023,NN,FM,12.5,"Jested",
20,OK0C,145.70000,-,0.6,Tone,136.5,136.5,023,NN,FM,12.5,"Cerna Hora",
21,OK0PI,145.71250,-,0.6,Tone,100.0,100.0,023,NN,FM,12.5,"Pisek",
22,OK0B,145.72500,-,0.6,,88.5,88.5,023,NN,FM,12.5,"Jablonec",
23,OK0L,145.73750,-,0.6,Tone,1750,1750,023,NN,FM,12.5,"Klatovy",
24,OK0AH,145.73750,-,0.6,,88.5,88.5,023,NN,FM,12.5,"Uhersky Brod",
25,OK0A,145.75000,-,0.6,,88.5,88.5,023,NN,FM,12.5,"Havlickuv Brod - Kvetnov",
26,OK0K,145.75000,-,0.6,Tone,88.5,88.5,023,NN,FM,12.5,"Kladno",
27,OK0ACC,145.76250,-,0.6,Tone,136.5,136.5,023,NN,FM,12.5,"Obecnice, Drahlin - Sadka",
28,OK0F,145.77500,-,0.6,Tone,136.5,136.5,023,NN,FM,12.5,"Suchy Vrch",
29,OK0S,145.78750,-,0.6,Tone,118.8,118.8,023,NN,FM,12.5,"Pardubice - Polabiny",
30,OK0T,145.78750,-,0.6,,88.5,88.5,023,NN,FM,12.5,"Teplice - Doubravka",
31,OK4PS,438.05000,,0.6,,88.5,88.5,23,NN,DV,12.5,"Kromieriz",
32,OK1RPL,438.05000,,0.6,,88.5,88.5,23,NN,DV,12.5,"Plzen - mesto",
33,OK2ZDL,438.07500,,0.6,,88.5,88.5,23,NN,DV,12.5,"Jihlava",
34,OK7SM,438.07500,,0.6,,88.5,88.5,23,NN,DV,12.5,"Klinovec",
35,OK1KHL,438.10000,,0.6,,88.5,88.5,23,NN,DV,12.5,"Holice - Kamenec",
36,OK1KPI,438.10000,,0.6,,88.5,88.5,23,NN,DV,12.5,"Pisek - Hradiste",
37,OK1XFJ,438.12500,,0.6,,88.5,88.5,23,NN,DV,12.5,"Dylen",
38,OK0DSK,438.60000,-,7.6,Tone,88.5,88.5,023,NN,FM,12.5,"Kubankov",
39,OK0BAF,438.60000,-,7.6,,88.5,88.5,023,NN,FM,12.5,"Svratouch, Otava",
40,OK0BNN,438.60000,-,7.6,,88.5,88.5,023,NN,FM,12.5,"Tabor",
41,OK0BNH,438.62500,-,7.6,Tone,88.5,88.5,023,NN,FM,12.5,"Cernolice",
42,OK0BE,438.65000,-,7.6,,88.5,88.5,023,NN,FM,12.5,"Klinovec",
43,OK0BD,438.65000,-,7.6,Tone,82.5,82.5,023,NN,FM,12.5,"Ostrava",
44,OK0BPL,438.67500,-,7.6,Tone,88.5,88.5,023,NN,FM,12.5,"Plzen - Jizni predmesti",
45,OK0BC,438.70000,-,7.6,Tone,136.5,136.5,023,NN,FM,12.5,"Lysa hora - Krkonose",
46,OK0BR,438.72500,-,7.6,Tone,77.0,77.0,023,NN,FM,12.5,"Praha - Brdy",
47,OK0OZL,438.72500,-,7.6,Tone,88.5,88.5,23,NN,DV,12.5,"Zlin",
48,OK0BS,438.75000,-,7.6,Tone,118.8,118.8,023,NN,FM,12.5,"Pardubice - Polabiny",
49,OK0BAC,438.75000,-,7.6,Tone,88.5,88.5,023,NN,FM,12.5,"Pisek",
50,OK0BNJ,438.77500,-,7.6,Tone,88.5,88.5,023,NN,FM,12.5,"Kozlov u Chysek",
51,OK0BCN,438.77500,-,7.6,Tone,82.5,82.5,023,NN,FM,12.5,"Nachod",
52,OK0BCA,438.90000,-,7.6,,88.5,88.5,023,NN,FM,12.5,"Lisci hora - Krkonose",
53,OK0BAB,438.92500,-,7.6,Tone,88.5,88.5,023,NN,FM,12.5,"Brno - Lesna",
54,OK0BDV,438.92500,-,7.6,Tone,88.5,88.5,023,NN,FM,12.5,"Dobra Voda nr. Horni Stropnice, Novohradske hory",
55,OK0N,438.95000,-,7.6,Tone,79.7,79.7,023,NN,FM,12.5,"Praha - Zizkov",
56,OK0BHD,438.97500,-,7.6,Tone,88.5,88.5,023,NN,FM,12.5,"Veselice",
57,OK0BH,439.00000,-,7.6,Tone,88.5,88.5,023,NN,FM,12.5,"Devin",
58,OK0BK,439.00000,-,7.6,Tone,88.5,88.5,023,NN,FM,12.5,"Kladno",
59,OK0BO,439.02500,-,7.6,Tone,88.5,88.5,023,NN,FM,12.5,"Olomouc",
60,OK0BPT,439.07500,-,7.6,Tone,88.5,88.5,023,NN,FM,12.5,"Prachatice, Stozar nad obci Dubovice (STARNET)",
61,OK0BBK,439.07500,-,0.6,,88.5,88.5,023,NN,FM,12.5,"Semily",
62,OK0BHJ,439.10000,-,7.6,,88.5,88.5,023,NN,FM,12.5,"Karasin",
63,OK0BLI,439.10000,-,7.6,Tone,88.5,88.5,023,NN,FM,12.5,"Lipenska prehrada, Pod SV vysilacem Liskovec, Cerna v Posumavi",
64,OK0BBF,439.12500,-,7.6,Tone,88.5,88.5,023,NN,FM,12.5,"Suchy vrch - Orlicke Hory",
65,OK0CHB,439.15000,-,7.65,Tone,136.5,136.5,023,NN,FM,12.5,"Ch?iby - Kostelany",
66,OK0J,439.15000,-,7.6,Tone,88.5,88.5,023,NN,FM,12.5,"Jested",
67,OK0EB,439.17500,-,7.6,Tone,88.5,88.5,023,NN,FM,12.5,"Klet - Blansky les",
68,OK0KOP,439.20000,-,7.6,,88.5,88.5,23,NN,DV,12.5,"Mikulcin Vrch",
69,OK0BZ,439.20000,-,7.6,Tone,67.0,67.0,023,NN,FM,12.5,"Znojmo",
70,OK0PVD,439.22500,-,7.6,,88.5,88.5,023,NN,FM,12.5,"Drahany",
71,OK0PV,439.22500,-,7.6,Tone,88.5,88.5,023,NN,FM,12.5,"Prostejov",
72,OK0BM,439.25000,-,7.6,Tone,88.5,88.5,023,NN,FM,12.5,"HUTSKa HORA - Sumava",
73,OK0BHS,439.25000,-,7.6,Tone,88.5,88.5,023,NN,FM,12.5,"Travicna",
74,OK0BF,439.27500,-,7.6,Tone,88.5,88.5,023,NN,FM,12.5,"Holy kopec u Prerova",
75,OK0BEZ,439.27500,-,7.6,Tone,88.5,88.5,023,NN,FM,12.5,"Zatec",
76,OK0MAR,439.30000,-,7.6,Tone,77.0,77.0,023,NN,FM,12.5,"Brno - Stred",
77,OK0BL,439.30000,-,7.6,Tone,114.8,114.8,023,NN,FM,12.5,"Cerchov",
78,OK0BAP,439.30000,-,7.6,Tone,88.5,88.5,023,NN,FM,12.5,"Litomysl",
79,OK0BAJ,439.32500,-,7.6,Tone,88.5,88.5,023,NN,FM,12.5,"Holy Vrch � Jihlava",
80,OK0DBY,439.32500,-,7.6,,88.5,88.5,023,NN,FM,12.5,"Praha 6, Strahov ",
81,OK0X,439.35000,-,7.6,Tone,88.5,88.5,023,NN,FM,12.5,"Praded",
82,OK0Q,439.37500,-,7.6,Tone,118.8,118.8,023,NN,FM,12.5,"Kutna Hora - Zandov",
83,OK0BA,439.37500,-,7.6,Tone,88.5,88.5,023,NN,FM,12.5,"Mesnice, okr. Pelhrimov",
84,OK0Z,439.40000,-,0.6,Tone,88.5,88.5,023,NN,FM,12.5,"Kelcsky Javornik",
85,OK0BZR,439.40000,-,7.6,Tone,79.7,79.7,023,NN,FM,12.5,"Vysoke u Zdaru nad Sazavou",
86,OK0BKA,439.42500,-,7.6,Tone,88.5,88.5,023,NN,FM,12.5,"Knezeves Praha - zapad",
87,OK0BDL,439.42500,-,7.6,Tone,82.5,82.5,023,NN,FM,12.5,"Lysa Hora",
88,OK0BRQ,439.45000,-,7.6,,88.5,88.5,023,NN,FM,12.5,"Brno - Kohoutovice",
89,OK0HCS,439.45000,-,7.6,,88.5,88.5,023,NN,FM,12.5,"Praha 6 - Strahov",
90,OK0DRB,439.48750,-,7.6,,88.5,88.5,23,NN,DV,12.5,"Plavec - Jesenice",
91,OK0DPL,439.50000,-,7.6,,88.5,88.5,23,NN,DV,12.5,"Plzen - Hrad Radyne",
92,OK0KOP,439.52500,-,7,,88.5,88.5,023,NN,FM,12.5,"Kopanky",
93,OK0OMX,439.52500,-,7.6,Tone,88.5,88.5,023,NN,FM,12.5,"Praha",
94,OK0NCC,439.55000,-,7.6,,88.5,88.5,23,NN,DV,12.5,"Praha Cukrak",
95,OK0CN,1258.20000,+,35,,88.5,88.5,023,NN,FM,12.5,"Uhrinov",
