Location,Name,Frequency,Duplex,Offset,Tone,rToneFreq,cToneFreq,DtcsCode,DtcsPolarity,Mode,TStep,Comment
1,RV48,145.60000,-,0.6,Tone,88.5,88.5,023,NN,FM,12.5,"Troodos",
2,RV50,145.62500,-,0.6,,88.5,88.5,23,NN,DV,12.5,"Troodos",
3,RV51,145.63750,-,0.6,Tone,88.5,88.5,023,NN,FM,12.5,"Vavatsinia",
4,RV52,145.65000,-,0.6,Tone,88.5,88.5,023,NN,FM,12.5,"Larnaca City",
5,RV54,145.70000,-,0.6,Tone,88.5,88.5,023,NN,FM,12.5,"Lemesos City",
6,RV56,145.72500,-,0.6,Tone,88.5,88.5,023,NN,FM,12.5,"Nicosia City",
7,5B4ALC,145.73750,-,0.6,Tone,88.5,88.5,023,NN,FM,12.5,"Limassol",
8,RV58,145.75000,-,0.6,Tone,88.5,88.5,023,NN,FM,12.5,"Tremithousa, Paphos",
