Location,Name,Frequency,Duplex,Offset,Tone,rToneFreq,cToneFreq,DtcsCode,DtcsPolarity,Mode,TStep,Comment
1,DM0MAX,29.62000,-,0.1,Tone,67.0,67.0,023,NN,FM,12.5,"Wiehengebirge",
2,DB0TVH,29.65000,-,0.1,Tone,88.5,88.5,023,NN,FM,12.5,"Hannover",
3,DB0BHV,29.66000,-,0.1,,88.5,88.5,023,NN,FM,12.5,"Bremerhaven",
4,DM0SAX,29.66000,-,0.1,,88.5,88.5,023,NN,FM,12.5,"Harthaer Kreuz",
5,DF0MHR,29.66000,-,0.1,,88.5,88.5,023,NN,FM,12.5,"Muelheim, Ruhr",
6,DM0EL,29.66000,-,0.1,,88.5,88.5,023,NN,FM,12.5,"Papenburg",
7,DF0MOT,29.67000,-,0.1,,88.5,88.5,023,NN,FM,12.5,"Grosser Feldberg",
8,DB0ZO,29.67000,-,0.1,,88.5,88.5,023,NN,FM,12.5,"Osnabrueck, Doerenberg",
9,DM0MGB,29.68000,-,0.1,,88.5,88.5,023,NN,FM,12.5,"Magdeburg, Wolmirstedt",
10,DF0MAR,29.68000,-,0.1,,88.5,88.5,023,NN,FM,12.5,"Marl",
11,DF0WUN,29.68000,-,0.1,Tone,88.5,88.5,023,NN,FM,12.5,"Schneeberg",
12,DB0WTL,29.69000,-,0.1,Tone,110.9,110.9,023,NN,FM,12.5,"Benningen , Wasserbehaelter Biegelaecker Receiver",
13,DB0WTL,29.69000,-,0.1,Tone,110.9,110.9,023,NN,FM,12.5,"Loewenstein, Wasserturm Geishoelzle Transmitter",
14,DF0HHH,29.69000,-,0.1,Tone,67.0,67.0,023,NN,FM,12.5,"Rosengarten",
15,DD7ZY,144.57500,,0.1,,88.5,88.5,023,NN,FM,12.5,"Muehlheim",
16,DO0TPB,144.81250,,0.1,,88.5,88.5,23,NN,DV,12.5,"Basedow",
17,DB0MIA,144.81250,,0.1,,88.5,88.5,23,NN,DV,12.5,"Hohwachter Bucht",
18,DB0IR,144.82500,,0.1,,88.5,88.5,23,NN,DV,12.5,"Handewitt",
19,DM0ZF,144.82500,,0.1,,88.5,88.5,023,NN,FM,12.5,"Lauf, Black Forest",
20,DO0RT,144.82500,,0.1,,88.5,88.5,23,NN,DV,12.5,"Reutlingen",
21,DO0DV,144.82500,,0.1,,88.5,88.5,23,NN,DV,12.5,"Rosendahl",
22,DM0BS,144.83750,,0.1,,88.5,88.5,23,NN,DV,12.5,"Braunschweig",
23,DM0BAM,144.83750,,0.1,,88.5,88.5,23,NN,DV,12.5,"Bremen, Horn-Lehe",
24,DM0HHW,144.83750,,0.1,,88.5,88.5,23,NN,DV,12.5,"Hamburg, Wandsbek",
25,DM0HEI,144.83750,,0.1,,88.5,88.5,23,NN,DV,12.5,"Schalkholz",
26,DB0THM,144.83750,,0.1,,88.5,88.5,23,NN,DV,12.5,"Thalmaessing",
27,DB0HPA,144.85000,,0.1,,88.5,88.5,23,NN,DV,12.5,"Laegerdorf",
28,DB0MOE,144.86250,,0.1,,88.5,88.5,023,NN,FM,12.5,"Achern",
29,DB0PLN,144.86250,,0.1,,88.5,88.5,23,NN,DV,12.5,"Ploen",
30,DM0RAM,144.86250,,0.1,,88.5,88.5,23,NN,DV,12.5,"Ramelsloh",
31,DO0GUD,144.87500,,0.1,,88.5,88.5,23,NN,DV,12.5,"Gudow",
32,DM0ZAV,144.92500,,0.1,Tone,127.3,127.3,023,NN,FM,12.5,"Karben",
33,DB0KOE,144.93750,,0.1,,88.5,88.5,23,NN,DV,12.5,"Koeln",
34,DB0MDW,144.93750,,0.1,,88.5,88.5,23,NN,DV,12.5,"Meddewarde",
35,DL7SP,144.95000,,0.1,,88.5,88.5,023,NN,FM,12.5,"Wald-Michelbach",
36,DM0UHF,144.96250,,0.1,,88.5,88.5,23,NN,DV,12.5,"Erkelenz",
37,DB0XIP,144.96250,-,0.9,Tone,114.8,114.8,023,NN,FM,12.5,"Hilst",
38,DM0ZHS,144.96250,,0.9,,88.5,88.5,023,NN,FM,12.5,"Isen",
39,DB0KIT,144.96250,,0.9,,88.5,88.5,023,NN,FM,12.5,"Karlsruhe",
40,DB0XIX,144.96250,,0.9,Tone,151.4,151.4,023,NN,FM,12.5,"Kevelaer",
41,DB0RTG,144.96250,,0.9,,88.5,88.5,023,NN,FM,12.5,"Ratingen",
42,DL1KGW,144.96250,,0.9,,88.5,88.5,023,NN,FM,12.5,"Wuppertal",
43,DB0HAS,144.96250,,0.9,,88.5,88.5,023,NN,FM,12.5,"Zeil am Main",
44,DB0SDA,144.97500,,0.9,,88.5,88.5,023,NN,FM,12.5,"Aachen",
45,DH7MK,144.97500,,0.9,Tone,203.5,203.5,023,NN,FM,12.5,"Berlin",
46,DM0ZBB,144.97500,,0.9,,88.5,88.5,023,NN,FM,12.5,"Boeblingen",
47,DB0ALT,144.97500,,0.9,,88.5,88.5,023,NN,FM,12.5,"Edersee",
48,DL3DCW,144.97500,,0.9,,88.5,88.5,023,NN,FM,12.5,"Ennepetal",
49,DB0ERF,144.97500,,0.9,,88.5,88.5,023,NN,FM,12.5,"Erfurt",
50,DB0HBG,144.97500,,0.9,,88.5,88.5,023,NN,FM,12.5,"Hesselberg",
51,DB0HUS,144.97500,,0.9,,88.5,88.5,023,NN,FM,12.5,"Husum",
52,DM0ZB,144.97500,,0.9,,88.5,88.5,023,NN,FM,12.5,"Muenchen, East",
53,DB0XIT,144.97500,,0.9,Tone,131.8,131.8,023,NN,FM,12.5,"Quierschied",
54,DB0KA,144.97500,,0.9,,88.5,88.5,023,NN,FM,12.5,"Rodenberg",
55,DB0XIV,144.97500,,0.9,Tone,141.3,141.3,023,NN,FM,12.5,"Varel",
56,DF1OG,144.97500,,0.9,,88.5,88.5,023,NN,FM,12.5,"Wolfsburg",
57,DM0HZA,145.23750,,0.9,Tone,88.5,88.5,023,NN,FM,12.5,"Herzogenaurach",
58,DB0TIT,145.23750,,0.9,,88.5,88.5,023,NN,FM,12.5,"Titisee",
59,DM0ZBA,145.28750,,0.9,,88.5,88.5,023,NN,FM,12.5,"Bensheim",
60,DF0BS-L,145.28750,,0.9,,88.5,88.5,023,NN,FM,12.5,"Borkum",
61,DM0ZFG,145.28750,,0.9,,88.5,88.5,023,NN,FM,12.5,"Essen",
62,DB0RTN,145.28750,,0.9,,88.5,88.5,023,NN,FM,12.5,"Rotenburg",
63,DM0ZPK,145.28750,,0.9,,88.5,88.5,023,NN,FM,12.5,"Stadtlohn",
64,DM0ZA,145.33750,,0.9,,88.5,88.5,023,NN,FM,12.5,"Dortmund",
65,DB0FHS,145.33750,,0.9,,88.5,88.5,023,NN,FM,12.5,"Stralsund",
66,DH4LAR,145.33750,,0.9,,88.5,88.5,023,NN,FM,12.5,"Westerland, Sylt",
67,DB0BU,145.47500,,0.9,,88.5,88.5,023,NN,FM,12.5,"Buchholz",
68,DB0BLB,145.57500,,0.9,,88.5,88.5,23,NN,DV,12.5,"Bad Berleburg",
69,DB0MGH,145.57500,-,0.6,Tone,179.9,179.9,023,NN,FM,12.5,"Bad Mergentheim, Taubertal",
70,DB0BRO,145.57500,-,0.6,,88.5,88.5,023,NN,FM,12.5,"Brocken, Harz",
71,DB0EAT,145.57500,-,0.6,,88.5,88.5,23,NN,DV,12.5,"Ellerhoop",
72,DB0EAD,145.57500,,0.6,,88.5,88.5,23,NN,DV,12.5,"Eltville, am Rhein",
73,DB0ULR,145.57500,-,0.6,Tone,123.0,123.0,023,NN,FM,12.5,"Muenchen, Solln",
74,DB0WI,145.57500,,0.6,,88.5,88.5,23,NN,DV,12.5,"Wildenrath",
75,DB0AL,145.57850,-,0.6,Tone,123.0,123.0,023,NN,FM,12.5,"Langwedel",
76,DB0WUN,145.58125,-,0.6,,88.5,88.5,23,NN,DV,12.5,"Marktredwitz",
77,DB0DTR,145.58125,-,0.6,,88.5,88.5,23,NN,DV,12.5,"Trier",
78,DB0BS,145.58750,-,0.6,,88.5,88.5,23,NN,DV,12.5,"Bochum",
79,DB0DBN,145.58750,-,0.6,,88.5,88.5,23,NN,DV,12.5,"Bonn, Oelberg",
80,DM0GER,145.58750,-,0.6,,88.5,88.5,23,NN,DV,12.5,"Germering",
81,DM0GRI,145.58750,-,0.6,,88.5,88.5,23,NN,DV,12.5,"Griesingen",
82,DB0DMB,145.58750,-,0.6,,88.5,88.5,23,NN,DV,12.5,"Laboe",
83,DB0LBY,145.58750,-,0.6,,88.5,88.5,23,NN,DV,12.5,"Ludwigsburg",
84,DB0LY,145.58750,-,0.6,,88.5,88.5,23,NN,DV,12.5,"Lychen",
85,DB0PAS,145.58750,-,0.6,,88.5,88.5,23,NN,DV,12.5,"Passau",
86,DB0POB,145.58750,,0.6,,88.5,88.5,23,NN,DV,12.5,"Pobenhausen",
87,DB0REG,145.59375,-,0.6,,88.5,88.5,23,NN,DV,12.5,"Regen",
88,DB0RUG,145.60000,-,0.6,,88.5,88.5,023,NN,FM,12.5,"Bergen, Insel Ruegen",
89,DB0SP,145.60000,-,0.6,,88.5,88.5,023,NN,FM,12.5,"Berlin, Schaeferberg",
90,DB0BHV,145.60000,-,0.6,Tone,74.4,74.4,023,NN,FM,12.5,"Bremerhaven",
91,DB0SH,145.60000,-,0.6,,88.5,88.5,023,NN,FM,12.5,"Flensburg",
92,DB0FT,145.60000,-,0.6,,88.5,88.5,023,NN,FM,12.5,"Grosser Feldberg",
93,DB0UH,145.60000,-,0.6,,88.5,88.5,023,NN,FM,12.5,"Hagen",
94,DB0XF,145.60000,-,0.6,,88.5,88.5,023,NN,FM,12.5,"Holledau",
95,DM0KB,145.60000,-,0.6,Tone,67.0,67.0,023,NN,FM,12.5,"Konstanz",
96,DB0NDS,145.60000,-,0.6,,88.5,88.5,023,NN,FM,12.5,"Luechow",
97,DM0TMM,145.60000,-,0.6,,88.5,88.5,023,NN,FM,12.5,"Magdeburg",
98,DF0MHR,145.60000,-,0.6,,88.5,88.5,23,NN,DV,12.5,"Muelheim, Ruhr",
99,DB0NHM,145.60000,-,0.6,Tone,1750,85.4,023,NN,FM,12.5,"Northeim, Wieter",
100,DB0SR,145.60000,-,0.6,,88.5,88.5,023,NN,FM,12.5,"Saarbruecken, Holz",
101,DB0ZB,145.60000,-,0.6,,88.5,88.5,023,NN,FM,12.5,"Schneeberg",
102,DB0YB,145.61250,-,0.6,,88.5,88.5,023,NN,FM,12.5,"Bad Hersfeld",
103,DB0STB,145.61250,-,0.6,,88.5,88.5,023,NN,FM,12.5,"Beilstein, Stocksberg-Ort",
104,DB0FFL,145.61250,-,0.6,,88.5,88.5,023,NN,FM,12.5,"Bergham",
105,DB0HHO,145.61250,-,0.6,,88.5,88.5,23,NN,DV,12.5,"Grosshansdorf",
106,DB0STM,145.61250,-,0.6,,88.5,88.5,023,NN,FM,12.5,"Klein Heidorn, Feuerwehrturm",
107,DB0MG,145.61250,-,0.6,Tone,1750,94.8,023,NN,FM,12.5,"Moenchengladbach",
108,DB0RTV,145.61250,-,0.6,,88.5,88.5,023,NN,FM,12.5,"Rheine",
109,DM0GAP,145.61250,-,0.6,Tone,123.0,123.0,023,NN,FM,12.5,"Wank",
110,DB0RZS,145.61250,-,0.6,,88.5,88.5,23,NN,DV,12.5,"Zabelstein",
111,DM0MEE,145.61250,-,0.6,Tone,1750,1750,023,NN,FM,12.5,"ZWICKAU, NEAR FUCHSBERG Meerane",
112,DB0ZA,145.62500,-,0.6,,88.5,88.5,023,NN,FM,12.5,"Aschberg",
113,DB0UB,145.62500,-,0.6,,88.5,88.5,023,NN,FM,12.5,"Bamberg",
114,DB0MGG,145.62500,-,0.6,,88.5,88.5,023,NN,FM,12.5,"Drei Annen Hohne",
115,DB0WW,145.62500,-,0.6,,88.5,88.5,023,NN,FM,12.5,"Duisburg",
116,DB0YJ,145.62500,-,0.6,,88.5,88.5,023,NN,FM,12.5,"Goettingen, Bismarkturm",
117,DB0ZH,145.62500,-,0.6,,88.5,88.5,023,NN,FM,12.5,"Heidelberg, Koenigstuhl",
118,DB0WV,145.62500,-,0.6,,88.5,88.5,023,NN,FM,12.5,"Hoechsten, Ilmensee",
119,DB0LOE,145.62500,-,0.6,,88.5,88.5,023,NN,FM,12.5,"Kottmar",
120,DB0XS,145.62500,-,0.6,,88.5,88.5,023,NN,FM,12.5,"Merzig, Saar",
121,DB0NBB,145.62500,-,0.6,,88.5,88.5,023,NN,FM,12.5,"Neubrandenburg",
122,DB0ANA,145.62500,-,0.6,,88.5,88.5,023,NN,FM,12.5,"Poehlberg",
123,DB0WB,145.62500,-,0.6,,88.5,88.5,023,NN,FM,12.5,"Trescherberg",
124,DB0UA,145.63750,-,0.6,Tone,88.5,88.5,023,NN,FM,12.5,"Augsburg",
125,DB0DVR,145.63750,-,0.6,,88.5,88.5,023,NN,FM,12.5,"Braunschweig, City",
126,DB0FUE,145.63750,-,0.6,,88.5,88.5,023,NN,FM,12.5,"Fuerth",
127,DB0UE,145.63750,-,0.6,,88.5,88.5,023,NN,FM,12.5,"Fulda, Hummelskopf",
128,DB0GKN,145.63750,-,0.6,,88.5,88.5,023,NN,FM,12.5,"Heilbronn, Kamin Kraftwerk",
129,DB0IZ,145.63750,-,0.6,,88.5,88.5,23,NN,DV,12.5,"Krempermoor",
130,DB0YS,145.63750,-,0.6,,88.5,88.5,023,NN,FM,12.5,"Siegen",
131,DB0CUX,145.65000,-,0.6,,88.5,88.5,023,NN,FM,12.5,"Cuxhaven",
132,DM0DWD,145.65000,-,0.6,,88.5,88.5,23,NN,DV,12.5,"Eschborn",
133,DB0WE,145.65000,-,0.6,Tone,1750,1750,023,NN,FM,12.5,"Essen, Bredeney",
134,DB0TTB,145.65000,-,0.6,Tone,141.3,141.3,023,NN,FM,12.5,"Hohenpeissenberg",
135,DB0HRM,145.65000,-,0.6,,88.5,88.5,023,NN,FM,12.5,"Hoher Meissner",
136,DB0UN,145.65000,-,0.6,,88.5,88.5,023,NN,FM,12.5,"Nuernberg",
137,DB0WN,145.65000,-,0.6,Tone,123.0,123.0,023,NN,FM,12.5,"Ochsenwang",
138,DB0UP,145.65000,-,0.6,,88.5,88.5,023,NN,FM,12.5,"Pforzheim",
139,DB0VP,145.65000,-,0.6,Tone,77.0,77.0,023,NN,FM,12.5,"Pirmasens",
140,DB0MVP,145.65000,-,0.6,,88.5,88.5,023,NN,FM,12.5,"Schwerin",
141,DB0WY,145.65000,-,0.6,,88.5,88.5,023,NN,FM,12.5,"Wiehengebirge",
142,DB0WOF,145.65000,-,0.6,,88.5,88.5,023,NN,FM,12.5,"Wolfen",
143,DB0FHA,145.66250,-,1.6,,88.5,88.5,023,NN,FM,12.5,"Aalen, Onatsfeld",
144,DA1BIT,145.66250,-,0.5,,88.5,88.5,023,NN,FM,12.5,"Bitburg",
145,DB0VD,145.66250,-,0.6,,88.5,88.5,023,NN,FM,12.5,"Darmstadt, Melibokus",
146,DB0EE,145.66250,-,0.6,Tone,110.9,110.9,023,NN,FM,12.5,"Elten",
147,DB0XH,145.66250,-,0.6,,88.5,88.5,023,NN,FM,12.5,"Hamburg, Blankenese Baursberg",
148,DB0EH,145.66250,-,0.6,,88.5,88.5,023,NN,FM,12.5,"Hersbruck, Hegendorf",
149,DB0CW,145.66250,-,0.6,,88.5,88.5,023,NN,FM,12.5,"Lindlar, Gummersbach",
150,DB0ZL,145.66250,-,0.6,,88.5,91.5,023,NN,FM,12.5,"Rottenburg",
151,DB0YC,145.67500,-,0.6,Tone,71.9,71.9,023,NN,FM,12.5,"Bodenmais and Bayrisch Eisenstein, Grosser Arber ",
152,DB0XN,145.67500,-,0.6,,88.5,88.5,023,NN,FM,12.5,"Bredstedt",
153,DB0DD,145.67500,-,0.6,,88.5,88.5,023,NN,FM,12.5,"Dresden, Hellerau",
154,DB0GSH,145.67500,-,0.6,,88.5,88.5,023,NN,FM,12.5,"Goslar, Steinberg",
155,DB0GWD,145.67500,-,0.6,,88.5,88.5,023,NN,FM,12.5,"Greifswald",
156,DB0YH,145.67500,-,0.6,,88.5,88.5,023,NN,FM,12.5,"Hoechenschwand",
157,DB0SD,145.67500,-,0.6,,88.5,88.5,023,NN,FM,12.5,"Idar-Oberstein, Hillschied",
158,DB0UK,145.67500,-,0.6,Tone,94.8,94.8,023,NN,FM,12.5,"Karlsruhe",
159,DB0VR,145.67500,-,0.6,Tone,67.0,67.0,023,NN,FM,12.5,"Nordhelle",
160,DB0UO,145.67500,-,0.6,,88.5,88.5,023,NN,FM,12.5,"Oldenburg",
161,DB0PDM,145.67500,-,0.6,,88.5,88.5,023,NN,FM,12.5,"Potsdam",
162,DB0TF,145.67500,-,0.6,,88.5,88.5,023,NN,FM,12.5,"Ulm",
163,DB0ETB,145.67500,-,0.6,,88.5,88.5,023,NN,FM,12.5,"Weimar, Ettersberg",
164,DB0WZ,145.67500,-,0.6,Tone,88.5,88.5,023,NN,FM,12.5,"Wuerzburg",
165,DB0SBX,145.68750,-,0.6,,88.5,88.5,23,NN,DV,12.5,"Hohenstein, Ernstthal",
166,DM0IZH,145.68750,-,0.6,,88.5,88.5,23,NN,DV,12.5,"Itzehoe",
167,DB0RKB,145.68750,-,0.6,,88.5,88.5,23,NN,DV,12.5,"Kreuzberg",
168,DB0KUE,145.68750,-,0.6,,88.5,88.5,023,NN,FM,12.5,"Kuehlungsborn",
169,DB0PE,145.68750,-,0.6,,88.5,88.5,023,NN,FM,12.5,"Mainhardt-Grab, Hohe Brach",
170,DB0ZO,145.68750,-,0.6,Tone,123.0,123.0,023,NN,FM,12.5,"Osnabrueck, Doerenberg",
171,DB0UC,145.70000,-,0.6,,88.5,88.5,023,NN,FM,12.5,"Coburg",
172,DB0EB,145.70000,-,0.6,,88.5,88.5,023,NN,FM,12.5,"Einbeck",
173,DB0XK,145.70000,-,0.6,,88.5,88.5,023,NN,FM,12.5,"Kalmit",
174,DB0SB,145.70000,-,0.6,,88.5,88.5,023,NN,FM,12.5,"Koenigswinter, Drachenfels",
175,DB0WO,145.70000,-,0.6,,88.5,88.5,023,NN,FM,12.5,"Leer, Watertower",
176,DB0WM,145.70000,-,0.6,,88.5,88.5,023,NN,FM,12.5,"Muenster",
177,DB0SAX,145.70000,-,0.6,,88.5,67.0,023,NN,FM,12.5,"Oschatz, Collmberg",
178,DB0HRR,145.70000,-,0.6,,88.5,88.5,23,NN,DV,12.5,"Rimberg",
179,DB0MAR,145.70000,-,0.6,,88.5,88.5,023,NN,FM,12.5,"Timmendorfer, Strand",
180,DB0RH,145.70000,-,0.6,,88.5,88.5,023,NN,FM,12.5,"Wardboehmen, Bergen",
181,DB0SRS,145.71250,-,0.6,,88.5,88.5,023,NN,FM,12.5,"Bad Soden, Salmuenster",
182,DB0TOL,145.71250,-,0.6,,88.5,88.5,023,NN,FM,12.5,"Bad Toelz, Hausham",
183,DB0EFW,145.71250,-,0.6,Tone,136.5,136.5,023,NN,FM,12.5,"Erfurt",
184,DO0ERK,145.71250,-,0.6,Tone,67.0,67.0,023,NN,FM,12.5,"Erkrath, Rheinlandrelais",
185,DB0XR,145.71250,-,0.6,,88.5,88.5,023,NN,FM,12.5,"Loerrach, Hornberg",
186,DB0YY,145.71250,-,0.6,,88.5,88.5,023,NN,FM,12.5,"Ludwigsburg, Osterholzschule",
187,DB0OBK,145.71250,-,0.6,,88.5,88.5,023,NN,FM,12.5,"Osnabrueck",
188,DO0FWH,145.71250,-,0.6,,88.5,88.5,023,NN,FM,12.5,"Stresow",
189,DB0ZW,145.71250,-,0.6,Tone,82.5,82.5,023,NN,FM,12.5,"Weiden",
190,DO0STE,145.71250,-,0.6,,88.5,88.5,023,NN,FM,12.5,"Wingst",
191,DB0ERZ,145.72500,-,0.6,,88.5,88.5,023,NN,FM,12.5,"Auersberg",
192,DB0BRL,145.72500,-,0.6,,88.5,88.5,023,NN,FM,12.5,"Berlin, Hohenschoenhausen",
193,DB0XY,145.72500,-,0.6,,88.5,88.5,023,NN,FM,12.5,"Bocksberg",
194,DB0DDO,145.72500,-,0.6,,88.5,88.5,23,NN,DV,12.5,"Dortmund",
195,DB0ZK,145.72500,-,0.6,,88.5,88.5,023,NN,FM,12.5,"Koblenz, Kuehkopf",
196,DB0SM,145.72500,-,0.6,,88.5,88.5,023,NN,FM,12.5,"Meppen",
197,DB0WZ,145.72500,-,0.6,,88.5,88.5,23,NN,DV,12.5,"Wuerzburg",
198,DB0ZU,145.72500,-,0.6,,88.5,88.5,023,NN,FM,12.5,"Zugspitze",
199,DB0YK,145.73750,-,0.6,,88.5,88.5,023,NN,FM,12.5,"Bexbach, Hoecherberg",
200,DB0XN,145.73750,-,0.6,,88.5,88.5,23,NN,DV,12.5,"Bredstedt",
201,DB0DO,145.73750,-,0.6,Tone,67.0,67.0,023,NN,FM,12.5,"Dortmund",
202,DB0RDH,145.73750,-,0.6,,88.5,88.5,23,NN,DV,12.5,"Grandsberg",
203,DB0KLI,145.73750,-,0.6,,88.5,88.5,23,NN,DV,12.5,"Klippeneck",
204,DB0LS,145.73750,-,0.6,,88.5,88.5,023,NN,FM,12.5,"Kostebrau",
205,DB0LD,145.73750,-,0.6,,88.5,88.5,023,NN,FM,12.5,"Kuenzelsau, Ingelfingen",
206,DB0THA,145.73750,-,0.6,,88.5,88.5,023,NN,FM,12.5,"Suhl, Schneekopf",
207,DB0NN,145.73750,-,0.6,,88.5,88.5,023,NN,FM,12.5,"Verden, Kirchlinteln",
208,DB0WIT,145.73750,-,0.6,,88.5,88.5,023,NN,FM,12.5,"Wittstock, Pritzwalk",
209,DB0ABB,145.75000,-,0.6,,88.5,88.5,023,NN,FM,12.5,"Adelebsen",
210,DB0XO,145.75000,-,0.6,,88.5,88.5,023,NN,FM,12.5,"Bergheim",
211,DB0HTV,145.75000,-,0.6,Tone,67.0,67.0,023,NN,FM,12.5,"Frankfurt, Europe Tower",
212,DB0HAL,145.75000,-,0.6,Tone,250.3,250.3,023,NN,FM,12.5,"Halle, Petersberg",
213,DB0ZF,145.75000,-,0.6,,88.5,88.5,023,NN,FM,12.5,"Kaiserstuhl, Totenkopf",
214,DB0ZM,145.75000,-,0.6,,88.5,141.3,023,NN,FM,12.5,"Muenchen, Studentenstadt",
215,DF0ANN,145.75000,-,0.6,,88.5,88.5,023,NN,FM,12.5,"Nuernberg, Moritzberg",
216,DB0TK,145.75000,-,0.6,,88.5,88.5,023,NN,FM,12.5,"Regensburg",
217,DK0TEN,145.75000,-,0.6,,88.5,88.5,023,NN,FM,12.5,"Sipplinger Berg",
218,DB0ST,145.75000,-,0.6,,88.5,88.5,023,NN,FM,12.5,"Stuttgart",
219,DM0MAX,145.75000,-,0.6,,88.5,88.5,023,NN,FM,12.5,"Wiehengebirge",
220,DB0WF,145.76250,-,0.6,,88.5,88.5,023,NN,FM,12.5,"Berlin, Centre",
221,DB0BHN,145.76250,-,0.6,,88.5,88.5,023,NN,FM,12.5,"Bremerhaven",
222,DB0ERG,145.76250,-,0.6,,88.5,88.5,023,NN,FM,12.5,"Ergoldbach",
223,DO0ERK,145.76250,-,0.6,,88.5,88.5,23,NN,DV,12.5,"Erkrath",
224,DB0FHF,145.76250,-,0.6,Tone,67.0,67.0,023,NN,FM,12.5,"Flensburg, Fachhochschule",
225,DB0ESS,145.76250,-,0.6,,88.5,88.5,23,NN,DV,12.5,"Gruenten",
226,DB0DJ,145.76250,-,0.6,,88.5,88.5,23,NN,DV,12.5,"Karlsbad",
227,DB0FTS,145.76250,-,0.6,Tone,123.0,123.0,023,NN,FM,12.5,"Suhl, Erleshuegel",
228,DB0TMH,145.76250,-,0.6,,88.5,88.5,023,NN,FM,12.5,"Trautmannshofen",
229,DB0DBW,145.76250,-,0.6,,88.5,88.5,023,NN,FM,12.5,"Westerburg",
230,DB0VQ,145.77500,-,0.6,,88.5,88.5,023,NN,FM,12.5,"Bad Bentheim",
231,DB0VB,145.77500,-,0.6,Tone,88.5,88.5,023,NN,FM,12.5,"Boellstein",
232,DB0RIG,145.77500,-,0.6,,88.5,88.5,023,NN,FM,12.5,"Donzdorf",
233,DB0FRO,145.77500,-,0.6,,88.5,88.5,023,NN,FM,12.5,"Frankfurt/Oder",
234,DB0XG,145.77500,-,0.6,,88.5,88.5,023,NN,FM,12.5,"Greding",
235,DB0HEI,145.77500,-,0.6,,88.5,88.5,023,NN,FM,12.5,"Heide",
236,DB0XX,145.77500,-,0.6,,88.5,88.5,023,NN,FM,12.5,"Helmstedt",
237,DB0XE,145.77500,-,0.6,,88.5,88.5,023,NN,FM,12.5,"Kassel",
238,DB0VK,145.77500,-,0.6,,88.5,88.5,023,NN,FM,12.5,"Koeln",
239,DB0LHR,145.77500,-,0.6,,88.5,88.5,023,NN,FM,12.5,"Lahr",
240,DB0LEI,145.77500,-,0.6,,88.5,88.5,023,NN,FM,12.5,"Leipzig",
241,DB0MAK,145.77500,-,0.6,Tone,74.4,74.4,023,NN,FM,12.5,"Marktredwitz",
242,DB0HRO,145.77500,-,0.6,,88.5,88.5,023,NN,FM,12.5,"Rostock",
243,DB0UT,145.77500,-,0.6,,88.5,88.5,023,NN,FM,12.5,"Trier, Erbeskopf-Kahlheid ",
244,DB0XW,145.77500,-,0.6,Tone,67.0,67.0,023,NN,FM,12.5,"Wittmund",
245,DB0WA,145.78750,-,0.6,Tone,94.8,94.8,023,NN,FM,12.5,"Aachen",
246,DB0ANU,145.78750,-,0.6,,88.5,88.5,023,NN,FM,12.5,"Ansbach",
247,DB0BRB,145.78750,-,0.6,,88.5,88.5,023,NN,FM,12.5,"Brandenburg",
248,DM0HMB,145.78750,-,0.6,,88.5,88.5,23,NN,DV,12.5,"Hamburg",
249,DB0HK,145.78750,-,0.6,Tone,67.0,67.0,023,NN,FM,12.5,"Hoherodskopf",
250,DM0WM ,145.78750,-,0.6,,88.5,88.5,23,NN,DV,12.5,"Karlsruhe",
251,DB0ELR,145.78750,-,0.6,Tone,123.0,123.0,023,NN,FM,12.5,"Papenburg, Soegel",
252,DB0WX,145.78750,-,0.6,,88.5,88.5,023,NN,FM,12.5,"Triberg, Stoecklewaldturm",
253,DM0ULR,145.78750,-,0.6,Tone,141.3,141.3,023,NN,FM,12.5,"Wendelstein",
254,DB0WD,145.78750,-,0.6,,88.5,88.5,023,NN,FM,12.5,"Wenningsen",
255,DL7ATA,430.02500,,0.6,,88.5,88.5,023,NN,FM,12.5,"Berlin",
256,DH0SK,430.02500,,0.6,,88.5,88.5,023,NN,FM,12.5,"Bocholt",
257,DB0GV,430.02500,,0.6,,88.5,88.5,023,NN,FM,12.5,"Frankfurt, Maintal",
258,DB0ACC,430.02500,,0.6,,88.5,88.5,023,NN,FM,12.5,"Haltern am See",
259,DB0XIM,430.02500,,0.6,Tone,110.9,110.9,023,NN,FM,12.5,"Polling",
260,DM0ZAN,430.02500,,0.6,,88.5,88.5,023,NN,FM,12.5,"Wolfenbuettel",
261,DM0ZGW,430.02500,,0.6,,88.5,88.5,023,NN,FM,12.5,"Wuppertal",
262,DM0ZBN,430.05000,,0.6,,88.5,88.5,023,NN,FM,12.5,"Berlin",
263,DB0CCC,430.05000,,0.6,Tone,85.5,85.5,023,NN,FM,12.5,"Celle",
264,DB0ENL,430.05000,,0.6,,88.5,88.5,023,NN,FM,12.5,"Ennepetal",
265,DB0SIF,430.05000,,0.6,,88.5,88.5,023,NN,FM,12.5,"Giessen",
266,DM0ZHP,430.05000,,0.6,,88.5,88.5,023,NN,FM,12.5,"Heppenheim",
267,DM0ZIR,430.05000,,0.6,,88.5,88.5,023,NN,FM,12.5,"Hoehenkirchen, Siegertsbrunn",
268,DB0FAT,430.05000,,0.6,,88.5,88.5,023,NN,FM,12.5,"Rodenbach",
269,DB0WRN,430.05000,,0.6,,88.5,88.5,023,NN,FM,12.5,"Waren",
270,DL3SDW,430.32500,,0.6,,88.5,88.5,023,NN,FM,12.5,"Freiberg, Neckar",
271,DB0HP,430.37500,,0.6,,88.5,88.5,23,NN,DV,12.5,"Buedelsdorf, Rendsburg",
272,DM0SVX,430.37500,,0.6,,88.5,88.5,023,NN,FM,12.5,"Halle / Saale",
273,DB0SY,430.37500,,0.6,,88.5,88.5,23,NN,DV,12.5,"Hamburg, Lohbruegge",
274,DB0IBM,430.37500,,0.6,,88.5,88.5,023,NN,FM,12.5,"Mainz",
275,DB0ADN,430.37500,,0.6,,88.5,88.5,23,NN,DV,12.5,"Neustadt, Hessen",
276,DM0NOR,430.37500,,0.6,,88.5,88.5,23,NN,DV,12.5,"Norderney",
277,DH4LAR,430.37500,,0.6,,88.5,88.5,23,NN,DV,12.5,"Westerland, Sylt",
278,DO0SG ,430.38750,,0.6,,88.5,88.5,23,NN,DV,12.5,"Urbach",
279,DB0KUE,430.40000,,0.6,,88.5,88.5,23,NN,DV,12.5,"Kuehlungsborn",
280,DB0HIR,431.75000,+,0.8,,88.5,88.5,023,NN,FM,12.5,"Hirtstein",
281,DB0RKS,431.90000,+,7.6,Tone,250.3,250.3,023,NN,FM,12.5,"Burgkirchen",
282,DF7JCH,431.98500,,7.6,,88.5,88.5,023,NN,FM,12.5,"Kempen",
283,DB0ZO,432.60000,-,287.94,,88.5,88.5,023,NN,FM,12.5,"Osnabrueck, Doerenberg",
284,DB0HU,432.80000,,287.94,,88.5,88.5,023,NN,FM,12.5,"Hanau",
285,DM0IBM,432.80000,,287.94,,88.5,88.5,023,NN,FM,12.5,"Hannover, Laatzen",
286,DB0HSN,432.80000,,287.94,,88.5,88.5,023,NN,FM,12.5,"Krefeld",
287,DG6YY,432.80000,,287.94,,88.5,88.5,023,NN,FM,12.5,"Muenster, Nienberge",
288,DM0MHD,432.80000,,287.94,,88.5,88.5,023,NN,FM,12.5,"Paffenhofen",
289,DB0POC,432.80000,,287.94,,88.5,88.5,023,NN,FM,12.5,"Recklinghausen",
290,DM0DMK,432.82500,,287.94,,88.5,88.5,023,NN,FM,12.5,"Bonn",
291,DO9FL,432.82500,,287.94,,88.5,88.5,023,NN,FM,12.5,"Flensburg",
292,DM0ZHO,432.82500,,287.94,,88.5,88.5,023,NN,FM,12.5,"Holzminden",
293,DM0ZMI,432.82500,,287.94,,88.5,88.5,023,NN,FM,12.5,"Minden",
294,DB0XIN,432.82500,,287.94,Tone,107.2,107.2,023,NN,FM,12.5,"Nauheim",
295,DM0ZOG,432.82500,,287.94,,88.5,88.5,023,NN,FM,12.5,"Offenburg",
296,DB0USL,432.82500,,287.94,,88.5,88.5,023,NN,FM,12.5,"Uslar",
297,DB0OI,432.85000,,287.94,,88.5,88.5,023,NN,FM,12.5,"Braunschweig",
298,DM0ZEI,432.85000,,287.94,,88.5,88.5,023,NN,FM,12.5,"Duesseldorf",
299,DB0HAA,432.85000,,287.94,,88.5,88.5,023,NN,FM,12.5,"Hagen",
300,DB0HML,432.85000,,287.94,,88.5,88.5,023,NN,FM,12.5,"Hameln",
301,DM0ZAL,432.85000,,287.94,,88.5,88.5,023,NN,FM,12.5,"Leverkusen",
302,DM0QN,432.85000,,287.94,,88.5,88.5,023,NN,FM,12.5,"Muenchen, Southeast",
303,DB0OBZ,432.85000,,287.94,,88.5,88.5,023,NN,FM,12.5,"Soltau",
304,DB0UEP,432.85000,,287.94,Tone,97.4,97.4,023,NN,FM,12.5,"Uebach, Palenberg",
305,DB0EF,432.87500,,287.94,,88.5,88.5,023,NN,FM,12.5,"Beckum",
306,DM0CP,432.87500,,287.94,,88.5,88.5,23,NN,DV,12.5,"Pfaffenhofen",
307,DK2DJ,432.87500,,287.94,,88.5,88.5,023,NN,FM,12.5,"Stockelsdorf",
308,DM0WHM,432.87500,,287.94,,88.5,88.5,023,NN,FM,12.5,"Weinheim",
309,DB0UV,433.17500,-,288.8,,88.5,88.5,023,NN,FM,12.5,"Muenchen, Pasing",
310,DB0VA,438.18750,-,7.6,,88.5,88.5,023,NN,FM,12.5,"Hohe Wurzel",
311,DB0BLW,438.20000,,7.6,,88.5,88.5,23,NN,DV,12.5,"Balingen-Weilstetten",
312,DF0MOT,438.20000,-,7.6,,88.5,88.5,023,NN,FM,12.5,"Grosser Feldberg",
313,DB0IUZ,438.22500,-,7.6,Tone,67.0,67.0,023,NN,FM,12.5,"Bochum, Sternwarte",
314,DM0GG,438.22500,-,7.6,Tone,67.0,67.0,023,NN,FM,12.5,"Gross-Gerau",
315,DB0IUZ,438.25000,-,7.6,,88.5,88.5,023,NN,FM,12.5,"Bochum, Sternwarte",
316,DB0KLL,438.25000,-,7.6,,88.5,88.5,023,NN,FM,12.5,"Kall, Eifel",
317,DO0SRE,438.25000,-,7.6,,88.5,88.5,023,NN,FM,12.5,"Recklinghausen",
318,DB0BAY,438.25000,-,7.6,,88.5,88.5,023,NN,FM,12.5,"Schwandorf",
319,DB0CHV,438.27500,-,7.6,,88.5,88.5,023,NN,FM,12.5,"Cuxhaven",
320,DB0FDA,438.27500,-,7.6,,88.5,88.5,023,NN,FM,12.5,"Darmstadt",
321,DM0MAX,438.27500,-,7.6,,88.5,88.5,023,NN,FM,12.5,"Wiehengebirge",
322,DB0FS,438.30000,-,7.6,,88.5,88.5,023,NN,FM,12.5,"Hamburg, Lokstedt",
323,DB0IR,438.30000,-,7.6,,88.5,88.5,23,NN,DV,12.5,"Handewitt",
324,DB0HKN,438.30000,-,7.6,,88.5,88.5,023,NN,FM,12.5,"Holzkirchen",
325,DB0MYK,438.30000,-,7.6,,88.5,88.5,023,NN,FM,12.5,"Koblenz, Gaensehals Mayen",
326,DB0WO,438.30000,-,7.6,,88.5,88.5,023,NN,FM,12.5,"Leer, Watertower",
327,DB0VS,438.30000,-,7.6,,88.5,67.0,023,NN,FM,12.5,"Moenchweiler",
328,DJ2VA,438.30000,-,7.6,,88.5,88.5,023,NN,FM,12.5,"Muehlheim",
329,DB0DIF,438.30000,-,7.6,,88.5,88.5,023,NN,FM,12.5,"Offenbach",
330,DB0UFO,438.31250,-,7.6,,88.5,88.5,023,NN,FM,12.5,"Neubiberg",
331,DM0RAM,438.31250,-,7.6,,88.5,88.5,23,NN,DV,12.5,"Ramelsloh",
332,DO0HB,438.32500,-,7.6,,88.5,88.5,023,NN,FM,12.5,"Bremen",
333,DB0HER,438.32500,-,7.6,,88.5,88.5,023,NN,FM,12.5,"Herrenberg, Oberjettingen Wasserturm",
334,DO0DXE,438.32500,-,7.6,,88.5,88.5,023,NN,FM,12.5,"Kassel",
335,DB0DMB,438.32500,-,7.6,,88.5,88.5,23,NN,DV,12.5,"Laboe",
336,DB0PAS,438.32500,-,7.6,,88.5,88.5,023,NN,FM,12.5,"Passau",
337,DB0HRH,438.32500,-,7.6,,88.5,88.5,23,NN,DV,12.5,"Ruine Kuessaburg",
338,DB0OAL,438.32500,-,7.6,,88.5,88.5,23,NN,DV,12.5,"Tegelberg, Schwaben",
339,DB0XO,438.35000,-,7.6,,88.5,88.5,23,NN,DV,12.5,"Bergheim",
340,DB0HAT,438.35000,-,7.6,,88.5,88.5,023,NN,FM,12.5,"Hamm",
341,DM0MGN,438.35000,-,7.6,Tone,67.0,67.0,023,NN,FM,12.5,"Mengen",
342,DM0ODW,438.35000,-,7.6,,88.5,88.5,023,NN,FM,12.5,"Mudau",
343,DM0SL,438.35000,-,7.6,,88.5,88.5,23,NN,DV,12.5,"Schleswig, TV-Tower",
344,DM0QN,438.35000,-,7.6,Tone,67.0,67.0,023,NN,FM,12.5,"Vaterstaetten",
345,DB0RTA,438.36250,-,7.6,Tone,123.0,123.0,023,NN,FM,12.5,"Gilching",
346,DB0MY,438.36250,-,7.6,,88.5,88.5,023,NN,FM,12.5,"Juelich",
347,DB0GIS,438.37500,-,7.6,,88.5,88.5,23,NN,DV,12.5,"Biebertal",
348,DB0WBD,438.37500,-,7.6,,88.5,88.5,23,NN,DV,12.5,"Bonndorf",
349,DB0HHN,438.37500,-,7.6,,88.5,88.5,023,NN,FM,12.5,"Henstedt-Ulzburg",
350,DM0FFL,438.37500,-,7.6,,88.5,88.5,23,NN,DV,12.5,"Landshut",
351,DO0JG,438.37500,-,7.6,Tone,123.0,123.0,023,NN,FM,12.5,"Moorenweis",
352,DB0OL,438.37500,-,7.6,,88.5,88.5,23,NN,DV,12.5,"Oldenburg, AGRAVIS Silo",
353,DO0SRE,438.37500,-,7.6,,88.5,88.5,023,NN,FM,12.5,"Recklinghausen",
354,DB0SWR,438.37500,-,7.6,,88.5,88.5,23,NN,DV,12.5,"Wertheim, Main",
355,DB0DBN,438.38750,-,7.6,,88.5,88.5,023,NN,FM,12.5,"Bonn, Oelberg",
356,DB0XN,438.38750,-,7.6,,88.5,88.5,23,NN,DV,12.5,"Bredstedt",
357,DM0AX,438.38750,-,7.6,,88.5,88.5,023,NN,FM,12.5,"Dillberg",
358,DB0DBN,438.38750,-,7.6,,88.5,88.5,023,NN,FM,12.5,"Koenigswinter, Oelberg",
359,DB0AIS,438.38750,-,7.6,,88.5,88.5,023,NN,FM,12.5,"Moerfelden, Walldorf",
360,DB0EAT  ,438.40000,-,7.6,,88.5,88.5,23,NN,DV,12.5,"Ellerhoop",
361,DB0SL,438.40000,-,7.8,,88.5,88.5,023,NN,FM,12.5,"Greising",
362,DB0LM,438.40000,-,7.6,,88.5,88.5,023,NN,FM,12.5,"Limburg Weilburg",
363,DB0DOS,438.40000,-,7.6,,88.5,88.5,23,NN,DV,12.5,"Osnabrueck, Doerenberg",
364,DB0KX ,438.40000,-,7.6,,88.5,88.5,023,NN,FM,12.5,"Viersen",
365,DB0BZA,438.41250,-,7.6,,88.5,100.0,023,NN,FM,12.5,"Munich, MOC",
366,DB0RKD ,438.42500,-,7.6,,88.5,88.5,23,NN,DV,12.5,"Dormagen",
367,DB0LFH,438.42500,-,7.6,Tone,67.0,67.0,023,NN,FM,12.5,"Fernwald, Steinbach",
368,DB0HUS ,438.42500,-,7.6,,88.5,88.5,23,NN,DV,12.5,"Husum",
369,DB0RES,438.42500,-,7.6,,88.5,88.5,023,NN,FM,12.5,"Rees",
370,DB0GM,438.45000,-,7.6,,88.5,88.5,23,NN,DV,12.5,"Gummersbach",
371,DM0KWD,438.45000,-,7.6,Tone,67.0,67.0,023,NN,FM,12.5,"Halle",
372,DB0ACC,438.45000,-,7.5,,88.5,88.5,023,NN,FM,12.5,"Haltern am See",
373,DM0HMB,438.45000,-,7.6,,88.5,88.5,023,NN,FM,12.5,"Hamburg",
374,DB0NLH,438.45000,-,7.6,,88.5,88.5,023,NN,FM,12.5,"Hollandskopf",
375,DB0BRV,438.46250,-,7.6,Tone,74.4,74.4,023,NN,FM,12.5,"Bremervoerde, Selsingen",
376,DB0SYS,438.46250,-,7.6,,88.5,88.5,023,NN,FM,12.5,"Dormagen",
377,DO0NO,438.46250,-,7.6,,88.5,88.5,023,NN,FM,12.5,"Nieder-Olm",
378,DB0SAA,438.47500,-,7.6,,88.5,88.5,023,NN,FM,12.5,"Aalen",
379,DB0BHV,438.47500,-,7.6,Tone,74.4,74.4,023,NN,FM,12.5,"Bremerhaven",
380,DB0USK,438.47500,-,7.6,,88.5,88.5,23,NN,DV,12.5,"Heiligenhafen",
381,DB0NIS,438.47500,-,7.6,,88.5,88.5,23,NN,DV,12.5,"Nideggen",
382,DB0ZO,438.47500,-,7.6,,88.5,88.5,023,NN,FM,12.5,"Osnabrueck, Doerenberg",
383,DM0GAP,438.47500,-,7.6,,88.5,88.5,23,NN,DV,12.5,"Wank",
384,DB0LDK,438.47500,-,7.6,,88.5,88.5,023,NN,FM,12.5,"Wetzlar",
385,DJ1US,438.48750,-,7.6,,88.5,88.5,023,NN,FM,12.5,"Darmstadt",
386,DB0WL,438.48750,-,7.6,,88.5,88.5,023,NN,FM,12.5,"Winsen, Luhe",
387,DO0DEL,438.50000,-,7.6,,88.5,88.5,23,NN,DV,12.5,"Delmenhorst, Ganderkesee",
388,DB0EIF,438.50000,-,7.6,,88.5,88.5,023,NN,FM,12.5,"Dreis-Brueck, Vulkaneifel",
389,DB0WE,438.50000,-,7.6,,88.5,88.5,023,NN,FM,12.5,"Essen, Bredeney",
390,DM0NGU,438.50000,-,7.6,,88.5,88.5,023,NN,FM,12.5,"Isterberg",
391,DB0TST,438.50000,-,7.6,,88.5,88.5,023,NN,FM,12.5,"Leinfelden, Echterdingen",
392,DB0ZDF,438.50000,-,7.6,,88.5,88.5,023,NN,FM,12.5,"Mainz",
393,DB0BNL,438.51250,-,7.6,,88.5,88.5,023,NN,FM,12.5,"Bremen",
394,DB0EB,438.51250,-,7.6,,88.5,88.5,023,NN,FM,12.5,"Einbeck",
395,DB0HAL,438.51250,-,7.6,,88.5,88.5,023,NN,FM,12.5,"Halle, Petersberg",
396,DB0UZ,438.51250,-,7.6,,88.5,88.5,023,NN,FM,12.5,"Karlsbad",
397,DB0HFD,438.52500,-,7.6,,88.5,88.5,23,NN,DV,12.5,"Herford",
398,DB0RPL ,438.52500,-,7.6,,88.5,88.5,23,NN,DV,12.5,"Hillscheid",
399,DB0SEN,438.52500,-,7.6,,88.5,88.5,023,NN,FM,12.5,"Senden",
400,DB0ST,438.52500,-,7.6,,88.5,88.5,23,NN,DV,12.5,"Stuttgart",
401,DB0CRA,438.53750,-,7.6,,88.5,88.5,023,NN,FM,12.5,"Frankenhardt",
402,DB0SL,438.53750,-,7.6,,88.5,88.5,023,NN,FM,12.5,"Landau, Deggendorf",
403,DB0ZO,438.53750,-,7.6,Tone,123.0,123.0,023,NN,FM,12.5,"Osnabrueck, Doerenberg",
404,DM0SL,438.53750,-,7.6,,88.5,88.5,023,NN,FM,12.5,"Schleswig, TV-Tower",
405,DB0FTS,438.53750,-,7.6,,88.5,88.5,23,NN,DV,12.5,"Suhl, Erleshuegel",
406,DB0TTM,438.55000,-,7.6,,88.5,88.5,023,NN,FM,12.5,"Bad Mergentheim",
407,DB0TPF,438.55000,-,7.6,,88.5,88.5,023,NN,FM,12.5,"Berlin, Tempelhof",
408,DB0XN,438.55000,-,7.6,,88.5,88.5,023,NN,FM,12.5,"Bredstedt",
409,DB0HEW,438.55000,-,7.6,,88.5,91.5,23,NN,DV,12.5,"Geesthacht",
410,DB0MOR,438.55000,-,7.6,,88.5,88.5,023,NN,FM,12.5,"Idar-Oberstein, Mahlbergskopf",
411,DB0GWG,438.55000,-,7.6,,88.5,88.5,023,NN,FM,12.5,"Remscheid",
412,DB0WUR,438.55000,-,7.6,,88.5,88.5,023,NN,FM,12.5,"Wurmberg, Harz",
413,DB0SDA ,438.56250,-,7.6,,88.5,88.5,23,NN,DV,12.5,"Aachen",
414,DB0UT,438.56250,-,7.6,,88.5,88.5,023,NN,FM,12.5,"Kahlheid",
415,DB0LBG,438.56250,-,7.6,,88.5,88.5,023,NN,FM,12.5,"Katharinenlinde, Sightseeing Tower",
416,DB0MGN ,438.56250,-,7.6,,88.5,88.5,023,NN,FM,12.5,"Meiningen",
417,DB0RI,438.56250,-,7.6,Tone,67.0,67.0,023,NN,FM,12.5,"Rinteln, Wesergebirge",
418,DM0HEI ,438.56250,-,7.6,,88.5,88.5,23,NN,DV,12.5,"Schalkholz",
419,DM0ESS,438.56250,-,7.6,Tone,123.0,123.0,023,NN,FM,12.5,"Sonthofen, Allgaeu",
420,DB0YQ,438.56250,-,7.6,,88.5,88.5,023,NN,FM,12.5,"Weiden",
421,DB0BLK,438.57500,-,7.6,,88.5,100.0,023,NN,FM,12.5,"Blieskastel",
422,DB0DVR,438.57500,-,7.6,,88.5,88.5,023,NN,FM,12.5,"Braunschweig, City",
423,DB0DON,438.57500,-,7.6,,88.5,88.5,023,NN,FM,12.5,"Donauwoerth",
424,DB0EID,438.57500,-,7.6,,88.5,88.5,023,NN,FM,12.5,"Duderstadt",
425,DB0FT,438.57500,-,7.6,Tone,67.0,67.0,023,NN,FM,12.5,"Grosser Feldberg",
426,DB0WO,438.57500,-,7.6,,88.5,88.5,023,NN,FM,12.5,"Leer, Watertower",
427,DB0LUD,438.57500,-,7.6,,88.5,88.5,023,NN,FM,12.5,"Ludwigsfelde",
428,DB0AGM,438.57500,-,7.6,,88.5,88.5,023,NN,FM,12.5,"Lueneburg",
429,DB0NG,438.57500,-,7.6,,88.5,88.5,023,NN,FM,12.5,"Marl",
430,DB0HCC ,438.57500,-,7.6,,88.5,88.5,23,NN,DV,12.5,"Neuhaus, Oste",
431,DB0RWP,438.57500,-,7.6,,88.5,88.5,023,NN,FM,12.5,"Rottweil",
432,DB0WA,438.58750,-,7.6,,88.5,88.5,23,NN,DV,12.5,"Aachen",
433,DB0DRI,438.58750,-,7.6,Tone,67.0,67.0,023,NN,FM,12.5,"Bad Driburg, Poembsen",
434,DB0BUX ,438.58750,-,7.6,,88.5,88.5,23,NN,DV,12.5,"Buxtehude",
435,DB0FDA,438.58750,-,7.6,,88.5,88.5,023,NN,FM,12.5,"Darmstadt",
436,DB0HZG ,438.58750,-,7.6,,88.5,88.5,23,NN,DV,12.5,"Holzgerlingen",
437,DB0THM,438.58750,-,7.6,Tone,123.0,123.0,023,NN,FM,12.5,"Thalmaessing",
438,DB0FA,438.60000,-,7.6,,88.5,88.5,023,NN,FM,12.5,"Fassberg, Celle",
439,DB0GE,438.60000,-,7.6,,88.5,88.5,023,NN,FM,12.5,"Goettelborner, Hoehe",
440,DB0EK,438.60000,-,7.6,,88.5,88.5,023,NN,FM,12.5,"Hennstedt",
441,DB0UHF,438.60000,-,7.6,,88.5,88.5,023,NN,FM,12.5,"Kaisersbach",
442,DB0ZAV,438.60000,-,7.6,Tone,127.3,127.3,23,NN,DV,12.5,"Karben",
443,DO0MAL,438.60000,-,7.6,,88.5,88.5,023,NN,FM,12.5,"Malchin, Retzow",
444,DB0DGF,438.60000,-,7.6,Tone,127.3,127.3,023,NN,FM,12.5,"Mamming",
445,DB0OVM,438.60000,-,7.6,,88.5,88.5,023,NN,FM,12.5,"Muenster",
446,DG1RUE,438.60000,-,7.6,,88.5,88.5,023,NN,FM,12.5,"Muenster",
447,DB0LBB ,438.60000,-,7.6,,88.5,88.5,23,NN,DV,12.5,"Murnau",
448,DB0SR,438.60000,-,7.6,,88.5,88.5,023,NN,FM,12.5,"Saarbruecken, Holz",
449,DB0THA,438.60000,-,7.6,,88.5,88.5,023,NN,FM,12.5,"Suhl, Schneekopf",
450,DM0AI,438.61250,-,7.6,,88.5,88.5,023,NN,FM,12.5,"Aidlingen, Dachtel, Heckengaeu",
451,DB0ESS,438.61250,-,7.6,,88.5,88.5,023,NN,FM,12.5,"Gruenten",
452,DB0OUD,438.62500,-,7.6,,88.5,88.5,023,NN,FM,12.5,"Berlin",
453,DM0BGH,438.62500,-,7.6,,88.5,88.5,023,NN,FM,12.5,"Burghausen",
454,DB0SA,438.62500,-,7.6,,88.5,88.5,023,NN,FM,12.5,"Detmold",
455,DB0YZ,438.62500,-,7.6,,88.5,88.5,023,NN,FM,12.5,"Fredelsloh",
456,DB0FUE,438.62500,-,7.6,,88.5,88.5,023,NN,FM,12.5,"Fuerth",
457,DF0MOT,438.62500,-,7.6,Tone,67.0,67.0,023,NN,FM,12.5,"Grosser Feldberg",
458,DB0SY,438.62500,-,7.6,,88.5,88.5,023,NN,FM,12.5,"Hamburg, Lohbruegge",
459,DB0WO,438.62500,-,7.6,,88.5,88.5,023,NN,FM,12.5,"Leer, Watertower",
460,DB0QF,438.62500,-,7.6,,88.5,88.5,023,NN,FM,12.5,"Rheinberg",
461,DB0ZUS,438.62500,-,7.6,,88.5,88.5,023,NN,FM,12.5,"Zusmarshauen",
462,DB0HZG,438.63750,-,7.6,,88.5,88.5,023,NN,FM,12.5,"Holzgerlingen",
463,DB0IN,438.63750,-,7.6,,88.5,67.0,023,NN,FM,12.5,"Ingolstadt",
464,DB0VEL,438.63750,-,7.6,,88.5,88.5,023,NN,FM,12.5,"Velbert",
465,DB0ISW,438.65000,-,7.6,,88.5,88.5,023,NN,FM,12.5,"Bad Toelz, Blomberg",
466,DB0GIS,438.65000,-,7.6,,88.5,88.5,023,NN,FM,12.5,"Biebertal",
467,DB0TT,438.65000,-,7.6,Tone,67.0,67.0,023,NN,FM,12.5,"Dortmund, Schwerte",
468,DB0EIN,438.65000,-,7.6,,88.5,88.5,023,NN,FM,12.5,"Einbeck",
469,DB0FFO,438.65000,-,7.6,,88.5,88.5,023,NN,FM,12.5,"Eisenhuettenstadt",
470,DB0SS,438.65000,-,7.6,,88.5,88.5,023,NN,FM,12.5,"Heilbronn, Wartberg",
471,DB0NDS,438.65000,-,7.6,Tone,82.5,82.5,023,NN,FM,12.5,"Luechow",
472,DB0VN,438.65000,-,7.6,,88.5,88.5,023,NN,FM,12.5,"Nuernberg, Schmausenbruck",
473,DB0UO,438.65000,-,7.6,,88.5,88.5,023,NN,FM,12.5,"Oldenburg",
474,DB0VKS,438.65000,-,7.6,,88.5,88.5,023,NN,FM,12.5,"Voelklingen",
475,DB0DIN,438.66250,-,7.6,Tone,1750,1750,023,NN,FM,12.5,"Duisburg",
476,DB0PI,438.66250,-,7.6,,88.5,88.5,023,NN,FM,12.5,"Elmshorn",
477,DO0SRK,438.66250,-,7.6,,88.5,88.5,023,NN,FM,12.5,"Kirchheimbolanden",
478,DB0MHL,438.66250,-,7.6,,88.5,88.5,023,NN,FM,12.5,"Muehlhausen",
479,DB0UA,438.67500,-,7.6,Tone,88.5,88.5,023,NN,FM,12.5,"Augsburg",
480,DB0OI,438.67500,-,7.6,,88.5,88.5,023,NN,FM,12.5,"Braunschweig, University",
481,DB0RB,438.67500,-,7.6,,88.5,88.5,023,NN,FM,12.5,"Bruchsal",
482,DB0EG,438.67500,-,7.6,,88.5,88.5,023,NN,FM,12.5,"Coesfeld, Schoeppingen",
483,DB0EON,438.67500,-,7.6,Tone,67.0,67.0,023,NN,FM,12.5,"Edersee, Hemfurt",
484,DB0MYK,438.67500,-,7.6,Tone,103.5,103.5,023,NN,FM,12.5,"Koblenz, Gaensehals Mayen",
485,DB0NU,438.67500,-,7.6,,88.5,88.5,023,NN,FM,12.5,"Maroldsweisach",
486,DB0MSP,438.67500,-,7.6,,88.5,88.5,023,NN,FM,12.5,"Neustrelitz",
487,DB0SAX,438.67500,-,7.6,Tone,67.0,67.0,023,NN,FM,12.5,"Oschatz, Collmberg",
488,DB0BW,438.67500,-,7.6,,88.5,88.5,023,NN,FM,12.5,"Passau, Fuerstenzell",
489,DO0SOC,438.67500,-,7.6,,88.5,88.5,023,NN,FM,12.5,"Wandelwitz",
490,DB0WA,438.68750,-,7.6,Tone,67.0,67.0,023,NN,FM,12.5,"Aachen",
491,DB0MGH,438.68750,-,7.6,,88.5,88.5,023,NN,FM,12.5,"Bad Mergentheim, Taubertal",
492,DB0ROD,438.68750,-,7.6,,88.5,88.5,023,NN,FM,12.5,"Deister, Rodenberg",
493,DB0CSD,438.70000,-,7.6,,88.5,88.5,023,NN,FM,12.5,"Chemnitz",
494,DB0FEU,438.70000,-,7.6,,88.5,88.5,023,NN,FM,12.5,"Feuchtwangen",
495,DB0FRG,438.70000,-,7.6,,88.5,88.5,023,NN,FM,12.5,"Freiburg, Schauinsland",
496,DB0GOE,438.70000,-,7.6,Tone,88.5,88.5,023,NN,FM,12.5,"Goettingen, Osterberg",
497,DB0XS,438.70000,-,7.6,,88.5,88.5,023,NN,FM,12.5,"Merzig, Saar",
498,DB0MIO,438.70000,-,7.6,,88.5,88.5,023,NN,FM,12.5,"Michelau, Oberfranken",
499,DB0MUE,438.70000,-,7.6,Tone,67.0,67.0,023,NN,FM,12.5,"Muelheim",
500,DB0OX,438.70000,-,7.6,,88.5,88.5,023,NN,FM,12.5,"Norden",
501,DF0HHH,438.70000,-,7.6,,88.5,88.5,023,NN,FM,12.5,"Rosengarten",
502,DB0TR,438.70000,-,7.6,,88.5,88.5,023,NN,FM,12.5,"Rosenheim, Hochries",
503,DB0VE,438.70000,-,7.6,,88.5,88.5,023,NN,FM,12.5,"Schoeneck",
504,DM0SAT ,438.70000,-,7.6,,88.5,88.5,23,NN,DV,12.5,"Singen",
505,DO0FWH,438.70000,-,7.6,,88.5,88.5,023,NN,FM,12.5,"Stresow",
506,DB0ST,438.70000,-,7.6,,88.5,88.5,023,NN,FM,12.5,"Stuttgart",
507,DB0ZR,438.71250,-,7.6,,88.5,88.5,023,NN,FM,12.5,"Dortmund, Aplerbeck",
508,DB0WQ,438.71250,-,7.6,,88.5,88.5,023,NN,FM,12.5,"Espelkamp, Hochhaus",
509,DO0FSE,438.71250,-,7.6,,88.5,88.5,023,NN,FM,12.5,"Euskirchen",
510,DB0FA,438.71250,-,7.6,,88.5,88.5,023,NN,FM,12.5,"Fassberg, Celle",
511,DB0EA,438.71250,-,7.6,,88.5,88.5,023,NN,FM,12.5,"Muenster, Fernmeldeturm",
512,DB0TMH,438.71250,-,7.6,,88.5,88.5,023,NN,FM,12.5,"Trautmannshofen",
513,DM0TMH,438.71250,-,7.6,,88.5,88.5,023,NN,FM,12.5,"Trautmannshofen",
514,DB0TOL,438.72500,-,7.6,,88.5,88.5,023,NN,FM,12.5,"Bad Toelz, Hausham",
515,DB0BOH,438.72500,-,7.6,,88.5,88.5,023,NN,FM,12.5,"Bocholt",
516,DB0XY,438.72500,-,7.6,,88.5,88.5,023,NN,FM,12.5,"Bocksberg",
517,DB0BNV,438.72500,-,7.6,,88.5,88.5,023,NN,FM,12.5,"Bremen, Vegesack",
518,DB0FBH,438.72500,-,7.6,,88.5,88.5,023,NN,FM,12.5,"Felsbergerhof",
519,DB0KCH,438.72500,-,7.6,,88.5,88.5,023,NN,FM,12.5,"Kronach",
520,DB0YS,438.72500,-,7.6,,88.5,88.5,023,NN,FM,12.5,"Siegen",
521,DB0RZ,438.72500,-,7.6,,88.5,88.5,023,NN,FM,12.5,"Uttenweiler, Bussen",
522,DB0SWR,438.72500,-,7.6,,88.5,88.5,023,NN,FM,12.5,"Wertheim, Main",
523,DB0KLE,438.73750,-,7.6,Tone,110.9,110.9,023,NN,FM,12.5,"Kleve",
524,DB0KOE,438.73750,-,7.6,Tone,103.5,103.5,023,NN,FM,12.5,"Koeln",
525,DB0LBY,438.73750,-,7.6,,88.5,88.5,023,NN,FM,12.5,"Loewenstein , Wasserturm Geishoelzle",
526,DM0MAX,438.73750,-,7.6,,88.5,67.0,023,NN,FM,12.5,"Wiehengebirge",
527,DB0BPY,438.75000,-,7.6,,88.5,88.5,023,NN,FM,12.5,"Bad Pyrmont",
528,DB0DI,438.75000,-,7.6,,88.5,88.5,023,NN,FM,12.5,"Bad Segeberg",
529,DB0DES,438.75000,-,7.6,,88.5,88.5,023,NN,FM,12.5,"Dessau",
530,DB0REM,438.75000,-,7.6,,88.5,88.5,023,NN,FM,12.5,"Fellbach",
531,DB0HRF,438.75000,-,7.6,,88.5,88.5,023,NN,FM,12.5,"Grosser Feldberg",
532,DB0ZV,438.75000,-,7.6,,88.5,88.5,023,NN,FM,12.5,"Hagen",
533,DO0JNA,438.75000,-,7.6,,88.5,88.5,023,NN,FM,12.5,"Jena",
534,DB0JNA,438.75000,-,7.6,,88.5,88.5,023,NN,FM,12.5,"Jena-Burgau",
535,DB0NBB,438.75000,-,7.6,,88.5,88.5,023,NN,FM,12.5,"Neubrandenburg",
536,DF0ANN,438.75000,-,7.6,,88.5,88.5,023,NN,FM,12.5,"Nuernberg, Moritzberg",
537,DB0WB,438.75000,-,7.6,,88.5,88.5,023,NN,FM,12.5,"Trescherberg",
538,DB0WTV,438.75000,-,7.6,,88.5,88.5,023,NN,FM,12.5,"Wilhelmshaven",
539,DM0JL,438.76250,-,7.6,,88.5,88.5,023,NN,FM,12.5,"Lengede",
540,DF0MHR,438.76250,-,7.6,,88.5,88.5,023,NN,FM,12.5,"Muelheim, Ruhr",
541,DB0QA,438.77500,-,7.6,,88.5,88.5,023,NN,FM,12.5,"Alsdorf, Aachen",
542,DB0QL,438.77500,-,7.6,,88.5,88.5,023,NN,FM,12.5,"Bebra",
543,DB0SLK,438.77500,-,7.6,,88.5,88.5,023,NN,FM,12.5,"Biere, Salzlandkreis",
544,DB0EBA,438.77500,-,7.6,,88.5,88.5,023,NN,FM,12.5,"Erlangen, Tennenlohe",
545,DB0IDS,438.77500,-,7.6,,88.5,88.5,023,NN,FM,12.5,"Idstein",
546,DB0NI,438.77500,-,7.6,,88.5,88.5,023,NN,FM,12.5,"Lueneburg",
547,DB0MAK,438.77500,-,7.6,Tone,74.4,74.4,023,NN,FM,12.5,"Marktredwitz",
548,DB0NJ,438.77500,-,7.6,,88.5,88.5,023,NN,FM,12.5,"Muenchen, Studentenstadt",
549,DB0ORT,438.77500,-,7.6,,88.5,88.5,023,NN,FM,12.5,"Ortenau",
550,DB0ZO,438.77500,-,7.6,Tone,67.0,67.0,023,NN,FM,12.5,"Osnabrueck, Doerenberg",
551,DB0SZS,438.77500,-,7.6,,88.5,88.5,023,NN,FM,12.5,"Osnabrueck",
552,DB0BO,438.77500,-,7.6,,88.5,88.5,023,NN,FM,12.5,"Ostfildern, Nellingen",
553,DB0LOS,438.77500,-,7.6,,88.5,88.5,023,NN,FM,12.5,"Rauener Berge",
554,DO0KA,438.77500,-,7.6,,88.5,88.5,023,NN,FM,12.5,"Schaumberg, Saar",
555,DB0HWR,438.77500,-,7.6,,88.5,91.5,023,NN,FM,12.5,"Weiskirchen, Rappweiler",
556,DB0FIG,438.78750,-,7.6,,88.5,88.5,023,NN,FM,12.5,"Immenstaad",
557,DB0CGN,438.78750,-,7.6,Tone,74.4,74.4,023,NN,FM,12.5,"Koeln",
558,DB0LE,438.78750,-,7.6,,88.5,88.5,023,NN,FM,12.5,"Leipzig",
559,DO0OKO,438.78750,-,7.2625,Tone,88.5,88.5,023,NN,FM,12.5,"Oberkochen",
560,DM0SZ,438.78750,-,7.6,,88.5,88.5,023,NN,FM,12.5,"Salzgitter",
561,DB0TFL,438.80000,-,7.6,,88.5,88.5,023,NN,FM,12.5,"Baruth-Mark",
562,DB0BLO,438.80000,-,7.6,Tone,67.0,67.0,023,NN,FM,12.5,"Berlin, Hohenschoenhausen",
563,DB0TD,438.80000,-,7.6,,88.5,88.5,023,NN,FM,12.5,"Crailsheim",
564,DB0GGW,438.80000,-,7.6,,88.5,88.5,023,NN,FM,12.5,"Darmstadt, Melibokus",
565,DB0SJ,438.80000,-,7.6,,88.5,88.5,023,NN,FM,12.5,"Duesseldorf",
566,DB0TC,438.80000,-,7.6,,88.5,88.5,023,NN,FM,12.5,"Freising",
567,DB0XX,438.80000,-,7.6,,88.5,88.5,023,NN,FM,12.5,"Helmstedt",
568,DO0MK,438.80000,-,7.6,,88.5,88.5,023,NN,FM,12.5,"Heringen, Werra",
569,DB0RMV,438.80000,-,7.6,,88.5,88.5,023,NN,FM,12.5,"Marlow",
570,DB0OWL,438.80000,-,7.6,,88.5,88.5,023,NN,FM,12.5,"Oerlinghausen",
571,DB0ZB,438.80000,-,7.6,,88.5,88.5,023,NN,FM,12.5,"Schneeberg",
572,DB0XJ,438.80000,-,7.6,Tone,1750,1750,023,NN,FM,12.5,"Stade",
573,DB0ALB,438.81250,-,7.6,,88.5,88.5,023,NN,FM,12.5,"Albstadt",
574,DB0DAU,438.81250,-,7.6,,88.5,88.5,023,NN,FM,12.5,"Mehren, Vulkaneifel",
575,DB0RH,438.81250,-,7.6,Tone,88.5,88.5,023,NN,FM,12.5,"Wardboehmen, Bergen",
576,DB0HRB,438.82500,-,7.6,,88.5,88.5,023,NN,FM,12.5,"Biedenkopf",
577,DB0BS,438.82500,-,7.6,Tone,67.0,67.0,023,NN,FM,12.5,"Bochum",
578,DB0OZ,438.82500,-,7.6,,88.5,88.5,023,NN,FM,12.5,"Bremen, Utbremen",
579,DB0SH,438.82500,-,7.6,,88.5,88.5,023,NN,FM,12.5,"Flensburg",
580,DB0ODE,438.82500,-,7.6,Tone,94.8,94.8,023,NN,FM,12.5,"Obrigheim",
581,DB0SR,438.82500,-,7.6,,88.5,88.5,023,NN,FM,12.5,"Saarbruecken, Holz",
582,DB0THS,438.82500,-,7.6,,88.5,88.5,023,NN,FM,12.5,"Salzgitter",
583,DB0REN,438.82500,-,7.6,,88.5,88.5,023,NN,FM,12.5,"Wetzstein",
584,DO0TPB,438.83750,-,7.6,Tone,94.8,94.8,23,NN,DV,12.5,"Basedow",
585,DB0ERK,438.83750,-,7.6,Tone,94.8,94.8,023,NN,FM,12.5,"Erkelenz",
586,DB0LU,438.83750,-,7.6,,88.5,100.0,023,NN,FM,12.5,"Ludwigshafen",
587,DB0UG,438.83750,-,7.6,,88.5,88.5,023,NN,FM,12.5,"Paderborn, Eggegebirge",
588,DB0DTM,438.85000,-,7.6,,88.5,88.5,023,NN,FM,12.5,"Bonn",
589,DB0CBS,438.85000,-,7.6,,88.5,88.5,023,NN,FM,12.5,"Cottbus",
590,DB0GER,438.85000,-,7.6,,88.5,88.5,023,NN,FM,12.5,"Gera",
591,DO0GG,438.85000,-,7.6,,88.5,88.5,023,NN,FM,12.5,"Gross-Gerau",
592,DB0FS,438.85000,-,7.6,,88.5,88.5,023,NN,FM,12.5,"Hamburg, Lokstedt",
593,DB0VV,438.85000,-,7.6,Tone,67.0,67.0,023,NN,FM,12.5,"Idar-Oberstein, Hillschied",
594,DB0ZF,438.85000,-,7.6,,88.5,88.5,023,NN,FM,12.5,"Kaiserstuhl, Totenkopf",
595,DB0TM,438.85000,-,7.6,,88.5,88.5,023,NN,FM,12.5,"Kassel, Fernmeldeturm Essigberg",
596,DM0MGB,438.85000,-,7.6,Tone,1750,1750,023,NN,FM,12.5,"Magdeburg, Wolmirstedt",
597,DB0WES,438.85000,-,7.6,,88.5,88.5,023,NN,FM,12.5,"Wesel",
598,DB0WY,438.85000,-,7.6,,88.5,88.5,023,NN,FM,12.5,"Wiehengebirge",
599,DB0XW,438.85000,-,7.6,,88.5,88.5,023,NN,FM,12.5,"Wittmund",
600,DB0WZ,438.85000,-,7.6,,88.5,88.5,023,NN,FM,12.5,"Wuerzburg",
601,DB0ZU,438.85000,-,7.6,,88.5,88.5,023,NN,FM,12.5,"Zugspitze",
602,DB0WH,438.86250,-,7.6,Tone,85.4,85.4,023,NN,FM,12.5,"Hannover",
603,DB0DT,438.86250,-,7.6,,88.5,88.5,023,NN,FM,12.5,"Willingen, Fuchskaute",
604,DB0CJ,438.87500,-,7.6,,88.5,88.5,023,NN,FM,12.5,"Amberg",
605,DB0BGL,438.87500,-,7.6,,88.5,88.5,023,NN,FM,12.5,"Berchtesgaden",
606,DB0GL,438.87500,-,7.6,,88.5,88.5,023,NN,FM,12.5,"Bergisch, Gladbach",
607,DB0HFT,438.87500,-,7.6,,88.5,88.5,023,NN,FM,12.5,"Bremen",
608,DB0TUD,438.87500,-,7.6,,88.5,88.5,023,NN,FM,12.5,"Dresden",
609,DB0QX,438.87500,-,7.6,,88.5,88.5,023,NN,FM,12.5,"Friedrichsbrunn",
610,DB0XQ,438.87500,-,7.6,,88.5,88.5,023,NN,FM,12.5,"Karlsbad, Ittersbach",
611,DB0KRA,438.87500,-,7.6,,88.5,88.5,023,NN,FM,12.5,"Kranenburg, Nuetterden",
612,DB0NQ,438.87500,-,7.6,,88.5,88.5,023,NN,FM,12.5,"Schluechtern, Schoppenkopf",
613,DB0QH,438.87500,-,7.6,,88.5,88.5,023,NN,FM,12.5,"Stimm Stamm",
614,DB0SUN,438.88750,-,7.6,,88.5,88.5,023,NN,FM,12.5,"Deister, Annaturm",
615,DB0VT,438.90000,-,7.6,,88.5,88.5,023,NN,FM,12.5,"Bamberg",
616,DB0STB,438.90000,-,7.6,,88.5,67.0,023,NN,FM,12.5,"Beilstein, Stocksberg Gittermast",
617,DB0WBE,438.90000,-,7.6,,88.5,88.5,023,NN,FM,12.5,"Elsterwerda, Winterberg",
618,DB0FB,438.90000,-,7.6,,88.5,88.5,023,NN,FM,12.5,"Feldberg, SWR-Tower",
619,DB0OVG,438.90000,-,7.6,,88.5,88.5,023,NN,FM,12.5,"Goldenstedt, Rechterfeld",
620,DB0GSH,438.90000,-,7.6,,88.5,88.5,023,NN,FM,12.5,"Goslar, Steinberg",
621,DB0ZK,438.90000,-,7.6,,88.5,88.5,023,NN,FM,12.5,"Koblenz, Kuehkopf",
622,DB0XL,438.90000,-,7.6,,88.5,88.5,023,NN,FM,12.5,"Luebeck",
623,DB0NG,438.90000,-,7.6,Tone,67.0,67.0,023,NN,FM,12.5,"Marl",
624,DB0PSW,438.90000,-,7.6,,88.5,88.5,023,NN,FM,12.5,"Pasewalk",
625,DB0RP,438.90000,-,7.6,,88.5,88.5,023,NN,FM,12.5,"Regensburg",
626,DB0TE,438.90000,-,7.6,,88.5,88.5,023,NN,FM,12.5,"Ulm",
627,DB0KBD,438.91250,-,7.6,,88.5,88.5,023,NN,FM,12.5,"Karlsruhe, Palmbach",
628,DB0HOL,438.91250,-,7.6,,88.5,88.5,023,NN,FM,12.5,"Ottenstein",
629,DB0XXL,438.92500,-,7.6,,88.5,88.5,023,NN,FM,12.5,"Bueckeburg",
630,DB0CHA,438.92500,-,7.6,,88.5,88.5,023,NN,FM,12.5,"Cham, Hoher Bogen",
631,DB0LBH,438.92500,-,7.6,,88.5,88.5,023,NN,FM,12.5,"Deditz",
632,DM0EA,438.92500,-,7.6,Tone,123.0,123.0,023,NN,FM,12.5,"Eisenach",
633,DB0FFM,438.92500,-,7.6,,88.5,88.5,023,NN,FM,12.5,"Frankfurt",
634,DB0ZE,438.92500,-,7.6,,88.5,88.5,023,NN,FM,12.5,"Hamburg, Moorfleet",
635,DB0HEG,438.92500,-,7.6,,88.5,88.5,023,NN,FM,12.5,"Heidenheim, Hahnenkamm",
636,DB0BP,438.92500,-,7.6,,88.5,88.5,023,NN,FM,12.5,"Ludwigsburg, Wasserturm Salonwald",
637,DB0TFK,438.92500,-,7.6,,88.5,88.5,023,NN,FM,12.5,"Teufelskopf, Waldweiler",
638,DB0KX,438.92500,-,7.6,,88.5,88.5,023,NN,FM,12.5,"Viersen",
639,DB0OAL,438.93750,-,7.6,Tone,67.0,67.0,023,NN,FM,12.5,"Tegelberg, Schwaben",
640,DB0BOR,438.95000,-,7.6,Tone,67.0,67.0,023,NN,FM,12.5,"Borken",
641,DB0XN,438.95000,-,7.6,Tone,67.0,67.0,023,NN,FM,12.5,"Bredstedt",
642,DB0DAM,438.95000,-,7.6,,88.5,88.5,023,NN,FM,12.5,"Dammer Berge",
643,DB0UX,438.95000,-,7.6,,88.5,88.5,023,NN,FM,12.5,"Durlach",
644,DB0SE,438.95000,-,7.6,,88.5,88.5,023,NN,FM,12.5,"Gemuend",
645,DM0FFL,438.95000,-,7.6,,88.5,88.5,023,NN,FM,12.5,"Landshut",
646,DB0TI,438.95000,-,7.6,,88.5,88.5,023,NN,FM,12.5,"Reutlingen",
647,DB0SBB,438.95000,-,7.6,,88.5,88.5,023,NN,FM,12.5,"Scheibenberg",
648,DB0WAS,438.95000,-,7.6,,88.5,88.5,023,NN,FM,12.5,"Wasserkuppe",
649,DB0IS,438.96250,-,7.6,,88.5,88.5,023,NN,FM,12.5,"Iserlohn",
650,DB0NW,438.96250,-,7.6,,88.5,88.5,023,NN,FM,12.5,"Neustadt / W.",
651,DB0LUC,438.97500,-,7.6,,88.5,88.5,023,NN,FM,12.5,"Gehren",
652,DB0IO,438.97500,-,7.6,,88.5,88.5,023,NN,FM,12.5,"Gross Umstadt",
653,DA1AB,438.97500,-,7.6,,88.5,88.5,023,NN,FM,12.5,"Herforst, Spangdahlem",
654,DB0VM,438.97500,-,7.6,,88.5,88.5,023,NN,FM,12.5,"Muenchen, City",
655,DB0QG,438.97500,-,7.6,,88.5,88.5,023,NN,FM,12.5,"Oberpfaelzer, Wald",
656,DB0PB,438.97500,-,7.6,Tone,67.0,67.0,023,NN,FM,12.5,"Paderborn, Bueren",
657,DB0SLF,438.97500,-,7.6,,88.5,88.5,023,NN,FM,12.5,"Saalfeld, Berg",
658,DB0SMB,438.97500,-,7.6,Tone,100.0,100.0,023,NN,FM,12.5,"Salzgitter",
659,DB0TDR,438.97500,-,7.6,,88.5,88.5,023,NN,FM,12.5,"Satow",
660,DB0CA,438.97500,-,7.6,,88.5,88.5,023,NN,FM,12.5,"Solingen",
661,DB0TG,438.97500,-,7.6,,88.5,88.5,023,NN,FM,12.5,"Teufelsmoor",
662,DB0SHG,438.98750,-,7.6,,88.5,88.5,023,NN,FM,12.5,"Bad Muender, Suentelturm",
663,DB0RMK,438.98750,-,7.6,,88.5,127.3,023,NN,FM,12.5,"Berglen, Stoeckenhof ",
664,DM0KR,438.98750,-,7.6,,88.5,88.5,023,NN,FM,12.5,"Krefeld, Friedenskirche",
665,DK0SC,438.98750,-,7.6,,88.5,88.5,023,NN,FM,12.5,"Schwabach",
666,DM0SC,438.98750,-,7.6,,88.5,88.5,023,NN,FM,12.5,"Schwabach",
667,DB0NIX,439.00000,-,7.6,,88.5,88.5,023,NN,FM,12.5,"Bad Duerkheim, Leistadt",
668,DB0DEL,439.00000,-,7.6,,88.5,88.5,023,NN,FM,12.5,"Delmenhorst, Ganderkesee",
669,DB0FOD,439.00000,-,7.6,,88.5,88.5,023,NN,FM,12.5,"Frankfurt/Oder",
670,DJ2QW,439.00000,-,7.525,,88.5,88.5,023,NN,FM,12.5,"Georgsmarienhuette",
671,DB0PET,439.00000,-,7.6,,88.5,88.5,023,NN,FM,12.5,"Halle / Saale",
672,DB0TN,439.00000,-,7.6,,88.5,88.5,023,NN,FM,12.5,"Haslach, Brandenkopf",
673,DB0YI,439.00000,-,7.6,,88.5,88.5,023,NN,FM,12.5,"Hildesheim, Sibbesse",
674,DB0KIL,439.00000,-,7.6,,88.5,88.5,023,NN,FM,12.5,"Kiel, TV-Tower",
675,DB0SK,439.00000,-,7.6,,88.5,88.5,023,NN,FM,12.5,"Koeln",
676,DB0SC,439.00000,-,7.6,,88.5,88.5,023,NN,FM,12.5,"Koenigshofen, Taubertal",
677,DB0MAK,439.00000,-,7.6,,88.5,88.5,023,NN,FM,12.5,"Marktredwitz",
678,DB0ZD,439.00000,-,7.6,,88.5,88.5,023,NN,FM,12.5,"Mittagberg",
679,DB0PD,439.00000,-,7.6,,88.5,88.5,023,NN,FM,12.5,"Nottuln",
680,DB0HRR,439.00000,-,7.6,,88.5,88.5,023,NN,FM,12.5,"Rimberg",
681,DB0FHA,439.01250,-,7.6,,88.5,88.5,023,NN,FM,12.5,"Aalen, Onatsfeld",
682,DB0JJ,439.01250,-,7.6,,88.5,88.5,023,NN,FM,12.5,"Jena , Maua",
683,DB0HHW,439.01250,-,7.6,Tone,1750,1750,023,NN,FM,12.5,"Uetersen",
684,DB0ALH,439.02500,-,7.6,,88.5,88.5,023,NN,FM,12.5,"Amelinghausen",
685,DB0BLW,439.02500,-,7.6,,88.5,88.5,023,NN,FM,12.5,"Balingen",
686,DB0QC,439.02500,-,7.6,,88.5,88.5,023,NN,FM,12.5,"Bremerhaven",
687,DB0EE,439.02500,-,7.6,Tone,110.9,110.9,023,NN,FM,12.5,"Elten",
688,DB0FBG,439.02500,-,7.6,,88.5,88.5,023,NN,FM,12.5,"Freiberg",
689,DB0NY,439.02500,-,7.6,,88.5,88.5,023,NN,FM,12.5,"Gummersbach",
690,DM0LAT,439.02500,-,7.6,,88.5,88.5,023,NN,FM,12.5,"Lauterbach",
691,DB0LIC,439.02500,-,7.6,,88.5,88.5,023,NN,FM,12.5,"Lichtenfels",
692,DB0MA,439.02500,-,7.6,,88.5,88.5,023,NN,FM,12.5,"Mannheim",
693,DB0UG,439.02500,-,7.6,Tone,67.0,67.0,023,NN,FM,12.5,"Paderborn, Eggegebirge",
694,DB0CP,439.02500,-,7.6,,88.5,88.5,023,NN,FM,12.5,"Pfaffenhofen, an der Ilm",
695,DB0IF,439.02500,-,7.6,,88.5,88.5,023,NN,FM,12.5,"Puttgarden",
696,DB0AMK,439.02500,-,7.6,,88.5,88.5,023,NN,FM,12.5,"Tangermuende, Stendal",
697,DB0BRO,439.03750,-,7.6,Tone,88.5,88.5,023,NN,FM,12.5,"Brocken, Harz",
698,DF0MHR,439.03750,-,7.6,,88.5,88.5,023,NN,FM,12.5,"Muelheim, Ruhr",
699,DO0OHR,439.03750,-,7.6,,88.5,88.5,023,NN,FM,12.5,"Oehringen, Pfaffenberg",
700,DM0WL,439.03750,-,7.6,Tone,67.0,67.0,023,NN,FM,12.5,"Winsen, Luhe",
701,DB0SX,439.05000,-,7.6,,88.5,88.5,023,NN,FM,12.5,"Berlin, Charlottenburg",
702,DO0BRI,439.05000,-,7.6,,88.5,88.5,023,NN,FM,12.5,"Brilon",
703,DB0RIG,439.05000,-,7.6,,88.5,88.5,023,NN,FM,12.5,"Donzdorf",
704,DB0ESW,439.05000,-,7.6,,88.5,88.5,023,NN,FM,12.5,"Eschwege",
705,DB0XG,439.05000,-,7.6,,88.5,88.5,023,NN,FM,12.5,"Greding",
706,DB0HEI,439.05000,-,7.6,,88.5,88.5,023,NN,FM,12.5,"Heide",
707,DB0SG,439.05000,-,7.6,,88.5,88.5,023,NN,FM,12.5,"Koenigswinter, Oelberg",
708,DB0KUE,439.05000,-,7.6,,88.5,88.5,023,NN,FM,12.5,"Kuehlungsborn",
709,DB0VL,439.05000,-,7.6,,88.5,88.5,023,NN,FM,12.5,"Lingen, Ems",
710,DB0MSK,439.05000,-,7.6,Tone,67.0,67.0,023,NN,FM,12.5,"Lohr, Gemuenden",
711,DB0WP,439.05000,-,7.6,,88.5,88.5,023,NN,FM,12.5,"Potzberg",
712,DB0VW,439.05000,-,7.6,,88.5,88.5,023,NN,FM,12.5,"Wolfsburg",
713,DB0ZWU,439.05000,-,7.6,,88.5,88.5,023,NN,FM,12.5,"Zwickau",
714,DB0IK,439.06250,-,7.6,,88.5,88.5,023,NN,FM,12.5,"Arnstadt",
715,DO0ERK,439.06250,-,7.6,,88.5,88.5,023,NN,FM,12.5,"Erkrath",
716,DB0BH,439.07500,-,7.6,Tone,94.8,94.8,023,NN,FM,12.5,"Buehl",
717,DB0NA,439.07500,-,7.6,Tone,67.0,67.0,023,NN,FM,12.5,"Essen, Waechtlerschule",
718,DB0RQ,439.07500,-,7.6,,88.5,88.5,023,NN,FM,12.5,"Fuchsmuehl",
719,DM0RDT,439.07500,-,7.6,,88.5,88.5,023,NN,FM,12.5,"Grillheim",
720,DB0PM,439.07500,-,7.6,,88.5,88.5,023,NN,FM,12.5,"Hausham, Brentenspitz",
721,DB0HEL,439.07500,-,7.6,,88.5,88.5,023,NN,FM,12.5,"Helgoland, Lighthouse",
722,DB0OHA,439.07500,-,7.6,Tone,88.5,88.5,023,NN,FM,12.5,"Herzberg",
723,DB0WTL,439.07500,-,7.6,Tone,71.9,71.9,023,NN,FM,12.5,"Loewenstein, Wasserturm Geishoelzle",
724,DB0POB,439.07500,-,7.6,,88.5,88.5,023,NN,FM,12.5,"Pobenhausen, Kalvarienberg",
725,DB0SAB,439.07500,-,7.6,,88.5,88.5,023,NN,FM,12.5,"Saarburg, Hosteberg",
726,DB0CI,439.07500,-,7.6,,88.5,88.5,023,NN,FM,12.5,"Schramberg",
727,DB0CM,439.07500,-,7.6,,88.5,88.5,023,NN,FM,12.5,"Seligenstadt",
728,DB0WD,439.07500,-,7.6,,88.5,88.5,023,NN,FM,12.5,"Wenningsen",
729,DB0WOF,439.07500,-,7.6,,88.5,88.5,023,NN,FM,12.5,"Wolfen",
730,DB0HBG,439.08750,-,7.6,,88.5,88.5,023,NN,FM,12.5,"Hesselberg",
731,DB0ABB,439.10000,-,7.6,,88.5,88.5,023,NN,FM,12.5,"Adelebsen",
732,DB0XO,439.10000,-,7.6,,88.5,88.5,023,NN,FM,12.5,"Bergheim",
733,DB0PC,439.10000,-,7.6,,88.5,67.0,023,NN,FM,12.5,"Bungsberg",
734,DB0HK,439.10000,-,7.6,,88.5,88.5,023,NN,FM,12.5,"Hoherodskopf",
735,DB0LAU,439.10000,-,7.6,,88.5,88.5,023,NN,FM,12.5,"Lausche, Waltersdorf",
736,DB0HH,439.10000,-,7.6,,88.5,88.5,023,NN,FM,12.5,"Muenster",
737,DB0ZP,439.10000,-,7.6,,88.5,88.5,023,NN,FM,12.5,"Nienburg",
738,DB0RP,439.10000,-,7.6,,88.5,88.5,023,NN,FM,12.5,"Regensburg",
739,DB0AV,439.10000,-,7.6,,88.5,88.5,023,NN,FM,12.5,"Rosenheim",
740,DB0NZZ,439.10000,-,7.6,,88.5,88.5,023,NN,FM,12.5,"Tuebingen",
741,DB0ZEH,439.10000,-,7.6,,88.5,88.5,023,NN,FM,12.5,"Zehdenick, Timpberg",
742,DB0ZT,439.10000,-,7.6,Tone,77.0,77.0,023,NN,FM,12.5,"Zweibruecken",
743,DB0FAA,439.11250,-,7.6,Tone,110.9,110.9,023,NN,FM,12.5,"Aalen, Braunenberg",
744,DB0ERZ,439.11250,-,7.6,,88.5,88.5,023,NN,FM,12.5,"Auersberg",
745,DM0HW,439.11250,-,7.6,,88.5,88.5,023,NN,FM,12.5,"Hohenlockstedt, Ex Army Helicopter Airport",
746,DB0NX,439.12500,-,7.6,,88.5,88.5,023,NN,FM,12.5,"Altena",
747,DB0KYF,439.12500,-,7.6,,88.5,88.5,023,NN,FM,12.5,"Bad Frankenhausen",
748,DB0BAR,439.12500,-,7.6,,88.5,88.5,023,NN,FM,12.5,"Bernau, Birkholzaue",
749,DB0GJ,439.12500,-,7.6,,88.5,88.5,023,NN,FM,12.5,"Erlangen",
750,DB0RO,439.12500,-,7.6,,88.5,88.5,023,NN,FM,12.5,"Frankweiler, Ringelsberg",
751,DB0FDB,439.12500,-,7.6,,88.5,88.5,023,NN,FM,12.5,"Friedberg",
752,DB0LH,439.12500,-,7.6,,88.5,88.5,023,NN,FM,12.5,"Loehne",
753,DB0HBP,439.12500,-,7.6,,88.5,88.5,023,NN,FM,12.5,"Peine",
754,DB0HT,439.12500,-,7.6,,88.5,88.5,023,NN,FM,12.5,"Sittensen",
755,DB0AVR,439.12500,-,7.6,Tone,74.4,74.4,023,NN,FM,12.5,"Stollberg",
756,DB0TRS,439.12500,-,7.6,,88.5,88.5,023,NN,FM,12.5,"Traunstein, Hochberg",
757,DB0EOO,439.12500,-,7.6,,88.5,88.5,023,NN,FM,12.5,"Tuttlingen, Witthoh",
758,DB0LAR ,439.12500,-,7.6,,88.5,88.5,023,NN,FM,12.5,"Westerland, Sylt",
759,DB0BRO,439.13750,-,7.6,Tone,88.5,88.5,023,NN,FM,12.5,"Brocken, Harz",
760,DB0ABX,439.13750,-,7.6,,88.5,88.5,023,NN,FM,12.5,"Oberammergau, Laberberg",
761,DB0PRZ,439.15000,-,7.6,,88.5,88.5,023,NN,FM,12.5,"Angermuende",
762,DB0DEQ,439.15000,-,7.6,,88.5,88.5,023,NN,FM,12.5,"Dequede",
763,DB0HUS,439.15000,-,7.6,,88.5,88.5,023,NN,FM,12.5,"Husum",
764,DB0LR,439.15000,-,7.6,,88.5,88.5,023,NN,FM,12.5,"Kahler Asten",
765,DM0LEI,439.15000,-,7.6,,88.5,88.5,023,NN,FM,12.5,"Leipzig",
766,DF4IU,439.15000,-,7.6,,88.5,88.5,023,NN,FM,12.5,"Sinsheim",
767,DB0NP,439.15000,-,7.6,,88.5,88.5,023,NN,FM,12.5,"Sinsheim",
768,DB0NAI,439.15000,-,7.6,,88.5,88.5,023,NN,FM,12.5,"Steinbach, Naila",
769,DB0RDT,439.15000,-,7.6,,88.5,88.5,023,NN,FM,12.5,"Tauberfeld, Neuburg Donau",
770,DB0VER,439.15000,-,7.6,Tone,67.0,67.0,023,NN,FM,12.5,"Verden",
771,DB0BKR,439.16250,-,7.6,,88.5,88.5,023,NN,FM,12.5,"Bad Kreuznach, Traisen",
772,DB0MTZ,439.16250,-,7.6,,88.5,88.5,023,NN,FM,12.5,"Metzingen",
773,DM0MW,439.16250,-,7.6,,88.5,88.5,023,NN,FM,12.5,"Mittweida, Hochschule Mittweida - University of Applied Scien",
774,DB0TS,439.16250,-,7.6,Tone,203.5,203.5,023,NN,FM,12.5,"Rueckersrieth, Eisberg",
775,DB0YE,439.17500,,7.6,,88.5,88.5,023,NN,FM,12.5,"Badenweiler, Hochblauen",
776,DB0BEL,439.17500,-,7.6,,88.5,88.5,023,NN,FM,12.5,"Belzig",
777,DB0BIB,439.17500,-,7.6,,88.5,88.5,023,NN,FM,12.5,"Biberach",
778,DB0EWB,439.17500,-,7.6,,88.5,88.5,023,NN,FM,12.5,"Bremervoerde, Oerel",
779,DB0EIC,439.17500,-,7.6,,88.5,88.5,023,NN,FM,12.5,"Eichstaett",
780,DB0MI,439.17500,-,7.6,,88.5,88.5,023,NN,FM,12.5,"Miltenberg, Moenchberg",
781,DB0OR,439.17500,-,7.6,,88.5,88.5,023,NN,FM,12.5,"Osterode",
782,DB0SON,439.17500,-,7.6,,88.5,88.5,023,NN,FM,12.5,"Sonneberg",
783,DB0EN,439.17500,-,7.6,,88.5,88.5,023,NN,FM,12.5,"Sprockhoevel",
784,DB0SAG,439.17500,-,7.6,,88.5,88.5,023,NN,FM,12.5,"Trier, Petrisberg",
785,DB0ZO,439.18750,-,294.025,Tone,123.0,123.0,023,NN,FM,12.5,"Osnabrueck, Doerenberg",
786,DM0RH,439.18750,-,7.6,Tone,88.5,88.5,023,NN,FM,12.5,"Roth",
787,DB0ST,439.18750,-,7.6,,88.5,88.5,023,NN,FM,12.5,"Stuttgart",
788,DB0AA,439.20000,-,7.6,,88.5,88.5,023,NN,FM,12.5,"Aalen, Volkmarsberg",
789,DB0FHF,439.20000,-,7.6,Tone,67.0,67.0,023,NN,FM,12.5,"Flensburg, Fachhochschule",
790,DB0GHB,439.20000,-,7.6,,88.5,88.5,023,NN,FM,12.5,"Guestrow, Heidberg",
791,DB0XH,439.20000,-,7.6,,88.5,88.5,023,NN,FM,12.5,"Hamburg, Blankenese Baursberg",
792,DB0FUS,439.20000,-,7.6,Tone,85.4,85.4,023,NN,FM,12.5,"Hannover",
793,DB0TVI,439.20000,-,7.6,,88.5,88.5,023,NN,FM,12.5,"Inselsberg , Grosser Inselsberg",
794,DB0MKV,439.20000,-,7.6,,88.5,88.5,023,NN,FM,12.5,"Meinerzhagen, Nordhelle",
795,DB0RTG,439.20000,-,7.6,,88.5,88.5,23,NN,DV,12.5,"Ratingen",
796,DB0HRH,439.20000,-,7.6,,88.5,88.5,023,NN,FM,12.5,"Ruine Kuessaburg",
797,DB0EW,439.20000,-,7.6,Tone,100.0,100.0,023,NN,FM,12.5,"Saarbruecken",
798,DB0NGU,439.20000,-,7.6,,88.5,88.5,023,NN,FM,12.5,"Uelsen",
799,DB0PIB,439.20000,-,7.6,,88.5,88.5,023,NN,FM,12.5,"Wilthen",
800,DB0WBG,439.20000,-,7.6,,88.5,88.5,023,NN,FM,12.5,"Wittenberg",
801,DM0WO,439.20000,-,7.6,,88.5,88.5,023,NN,FM,12.5,"Worms",
802,DB0ARB,439.22500,-,7.6,Tone,71.9,71.9,023,NN,FM,12.5,"Grosser Arber ",
803,DM0GZ,439.22500,-,7.6,,88.5,88.5,023,NN,FM,12.5,"Gundremmingen, Meteotower",
804,DB0HAT,439.22500,-,7.6,,88.5,88.5,023,NN,FM,12.5,"Hamm",
805,DB0BGK,439.22500,-,7.6,Tone,67.0,67.0,023,NN,FM,12.5,"Kitzingen",
806,DB0UI,439.22500,-,7.6,,88.5,88.5,023,NN,FM,12.5,"Marburg",
807,DB0RR,439.22500,-,7.6,,88.5,88.5,023,NN,FM,12.5,"Roesrath",
808,DO0SAW,439.22500,-,7.6,,88.5,88.5,023,NN,FM,12.5,"Salzwedel",
809,DB0TFM,439.22500,-,7.6,,88.5,88.5,023,NN,FM,12.5,"Teufelsmuehle, Murgtal",
810,DO0STE,439.22500,-,7.6,,88.5,88.5,023,NN,FM,12.5,"Wingst",
811,DB0ANT,439.22500,-,7.6,,88.5,88.5,023,NN,FM,12.5,"Wolfenbuettel",
812,DM0UHF,439.23750,-,7.6,Tone,1750,1750,023,NN,FM,12.5,"Erkelenz",
813,DB0TVH,439.23750,-,7.6,,88.5,88.5,023,NN,FM,12.5,"Hannover",
814,DB0IOD,439.23750,-,7.7125,,88.5,88.5,023,NN,FM,12.5,"Lautertal, Odenwald",
815,DB0ROL,439.23750,-,7.6,,88.5,141.3,023,NN,FM,12.5,"Muenchen",
816,DB0THF,439.23750,-,7.6,,88.5,88.5,023,NN,FM,12.5,"Neuhaus",
817,DB0BI,439.25000,-,7.6,,88.5,88.5,023,NN,FM,12.5,"Bielefeld",
818,DB0BN,439.25000,-,7.6,,88.5,88.5,023,NN,FM,12.5,"Brechen, Niederbrechen",
819,DB0BKN,439.25000,-,7.6,,88.5,88.5,023,NN,FM,12.5,"Eschlberg",
820,DB0HHG,439.25000,-,7.6,,88.5,88.5,023,NN,FM,12.5,"Goettingen",
821,DB0RKN,439.25000,-,7.6,Tone,131.8,131.8,023,NN,FM,12.5,"Grevenbroich",
822,DB0UHC,439.25000,-,7.6,Tone,94.8,94.8,023,NN,FM,12.5,"Grevenbroich",
823,DB0GKN,439.25000,-,7.6,,88.5,88.5,023,NN,FM,12.5,"Heilbronn, Kamin Kraftwerk",
824,DM0TMM,439.25000,-,7.6,,88.5,88.5,023,NN,FM,12.5,"Magdeburg",
825,DB0VOX,439.25000,-,7.6,,88.5,88.5,023,NN,FM,12.5,"Nuernberg",
826,DB0VSS,439.25000,-,7.6,,88.5,88.5,023,NN,FM,12.5,"Villingen, Schwenningen",
827,DB0MHS,439.26250,-,7.6,Tone,67.0,67.0,023,NN,FM,12.5,"Duisburg",
828,DB0FHH,439.26250,-,7.6,Tone,85.4,85.4,023,NN,FM,12.5,"Hannover",
829,DB0HRW,439.26250,-,7.6,Tone,88.5,88.5,023,NN,FM,12.5,"Michelstadt, Wuerzberg",
830,DB0BLO,439.27500,-,7.6,,88.5,88.5,023,NN,FM,12.5,"Berlin, Hohenschoenhausen",
831,DB0CEL,439.27500,-,7.6,Tone,88.5,88.5,023,NN,FM,12.5,"Celle, Wasserturm",
832,DB0END,439.27500,-,7.6,,88.5,88.5,023,NN,FM,12.5,"Ennepetal",
833,DB0GEL,439.27500,-,7.6,,88.5,88.5,023,NN,FM,12.5,"Gelnhausen, Schnepfenkopf",
834,DO0BAB,439.27500,-,7.6,,88.5,88.5,023,NN,FM,12.5,"Gudow",
835,DB0JUI,439.27500,-,7.6,,88.5,88.5,023,NN,FM,12.5,"Juist",
836,DB0THE,439.27500,-,7.6,,88.5,88.5,023,NN,FM,12.5,"Kaltohmfeld",
837,DB0SML,439.27500,-,7.6,Tone,67.0,67.0,023,NN,FM,12.5,"Leipzig",
838,DB0LBX,439.27500,-,7.6,,88.5,88.5,023,NN,FM,12.5,"Ludwigsburg, Hochhaus Wuestenrot ",
839,DB0EL,439.27500,-,7.6,,88.5,88.5,023,NN,FM,12.5,"Muenchen, Olympic Tower",
840,DB0FHN,439.27500,-,7.6,,88.5,88.5,023,NN,FM,12.5,"Nuernberg",
841,DB0LZ,439.27500,-,7.6,Tone,71.9,71.9,023,NN,FM,12.5,"Tholey, Schaumberg",
842,DB0WI,439.28750,-,7.6,Tone,94.8,94.8,023,NN,FM,12.5,"Erkelenz",
843,DB0ADB,439.30000,-,7.6,Tone,67.0,67.0,023,NN,FM,12.5,"Bamberg",
844,DB0RAG,439.30000,-,7.6,,88.5,88.5,023,NN,FM,12.5,"Berlin, BBI Airport",
845,DB0ROD,439.30000,-,7.6,,88.5,88.5,023,NN,FM,12.5,"Deister, Rodenberg",
846,DB0MIR,439.30000,-,7.6,Tone,123.0,123.0,023,NN,FM,12.5,"Inning, Ammersee",
847,DM0IZH,439.30000,-,7.6,,88.5,88.5,023,NN,FM,12.5,"Itzehoe",
848,DM0KB,439.30000,-,7.6,,88.5,88.5,023,NN,FM,12.5,"Konstanz",
849,DB0LMM,439.30000,-,7.6,,88.5,88.5,023,NN,FM,12.5,"Leipzig",
850,DO0SMZ,439.30000,-,7.6,Tone,67.0,67.0,023,NN,FM,12.5,"Mainz",
851,DB0WGS,439.30000,-,7.6,,88.5,88.5,023,NN,FM,12.5,"Ponzaun, Wegscheid",
852,DB0SDO,439.30000,-,7.6,,88.5,88.5,023,NN,FM,12.5,"Schorndorf",
853,DB0WET,439.30000,-,7.6,,88.5,88.5,023,NN,FM,12.5,"Wetter, Ruhr",
854,DB0BRH,439.31250,-,7.6,,88.5,88.5,023,NN,FM,12.5,"Heidelstein, Rhoen",
855,DB0SBG,439.31250,-,7.6,,88.5,88.5,023,NN,FM,12.5,"Heubach, Schwaebisch Gmuend",
856,DB0II,439.31250,-,7.6,,88.5,88.5,023,NN,FM,12.5,"Moenchengladbach",
857,DB0PBS,439.31250,-,7.6,Tone,136.5,136.5,023,NN,FM,12.5,"Paderborn, University",
858,DM0ESS,439.31250,-,7.6,Tone,123.0,123.0,023,NN,FM,12.5,"Sonthofen, Allgaeu",
859,DB0HSB,439.32500,-,7.6,,88.5,88.5,023,NN,FM,12.5,"Brocken",
860,DO0DNN,439.32500,-,7.6,,88.5,88.5,023,NN,FM,12.5,"Dueren",
861,DB0ET,439.32500,-,7.6,,88.5,88.5,023,NN,FM,12.5,"Emden, Lighthouse Campen",
862,DB0GRI,439.32500,-,7.6,Tone,88.5,88.5,023,NN,FM,12.5,"Griesbach",
863,DB0PL,439.32500,-,7.6,,88.5,88.5,023,NN,FM,12.5,"Herten",
864,DB0IZ,439.32500,-,7.6,,88.5,88.5,023,NN,FM,12.5,"Krempermoor",
865,DB0LY,439.32500,-,7.6,,88.5,88.5,023,NN,FM,12.5,"Lychen",
866,DB0VS,439.32500,-,7.6,,88.5,88.5,023,NN,FM,12.5,"Moenchweiler",
867,DB0ULR,439.32500,-,7.6,Tone,123.0,123.0,023,NN,FM,12.5,"Muenchen, Solln",
868,DB0LP,439.32500,-,7.6,,88.5,88.5,023,NN,FM,12.5,"Parsberg",
869,DB0VA,439.32500,-,7.6,,88.5,88.5,23,NN,DV,12.5,"Wiesbaden, Hohe Wurzel",
870,DB0DXM,439.33750,-,7.6,,88.5,88.5,023,NN,FM,12.5,"Meschede",
871,DB0FWS,439.33750,-,7.6,Tone,1750,1750,023,NN,FM,12.5,"Schweinfurt",
872,DM0ULR,439.33750,-,7.6,Tone,141.3,141.3,023,NN,FM,12.5,"Wendelstein",
873,DB0GZ,439.35000,-,7.6,,88.5,88.5,023,NN,FM,12.5,"Alfeld, Leine",
874,DB0PR,439.35000,-,7.6,,88.5,88.5,023,NN,FM,12.5,"Armstedt",
875,DB0NR,439.35000,-,7.6,,88.5,88.5,023,NN,FM,12.5,"Bad Hersfeld",
876,DB0DR,439.35000,-,7.6,,88.5,88.5,023,NN,FM,12.5,"Duisburg",
877,DB0FIB,439.35000,-,7.6,,88.5,88.5,023,NN,FM,12.5,"Fichtelberg, Erzgebirge, Sachsen",
878,DB0LD,439.35000,-,7.6,,88.5,88.5,023,NN,FM,12.5,"Kuenzelsau, Ingelfingen",
879,DB0ERG,439.35000,-,7.6,,88.5,88.5,023,NN,FM,12.5,"Landshut",
880,DO0YF,439.35000,-,7.6,Tone,67.0,67.0,023,NN,FM,12.5,"Lautzkirchen, Blieskastel",
881,DB0OFF,439.35000,-,7.6,,88.5,88.5,023,NN,FM,12.5,"Offenbach",
882,DB0OSN,439.35000,-,7.6,,88.5,88.5,023,NN,FM,12.5,"Osnabrueck, Stadtrelais",
883,DB0PER,439.35000,-,7.6,,88.5,88.5,023,NN,FM,12.5,"Perleberg",
884,DB0EGT,439.35000,-,7.6,,88.5,88.5,023,NN,FM,12.5,"St. Georgen",
885,DB0FOX,439.36250,-,7.6,,88.5,88.5,023,NN,FM,12.5,"Augsburg",
886,DB0GF,439.36250,,7.6,Tone,100.0,100.0,023,NN,FM,12.5,"Gifhorn",
887,DB0EIS,439.36250,-,7.6,,88.5,88.5,023,NN,FM,12.5,"Siegen, Eisernhardt",
888,DM0ZIR,439.36250,-,7.6,Tone,67.0,67.0,023,NN,FM,12.5,"Straelen",
889,DB0DBR,439.37500,-,7.6,,88.5,88.5,023,NN,FM,12.5,"Bad Doberan",
890,DB0CU,439.37500,-,7.6,,88.5,88.5,023,NN,FM,12.5,"Cuxhaven",
891,DB0ABA,439.37500,-,7.6,,88.5,88.5,023,NN,FM,12.5,"Ebrachtal",
892,DB0PX,439.37500,-,7.6,,88.5,88.5,023,NN,FM,12.5,"Eschborn",
893,DB0EIG,439.37500,-,7.6,Tone,136.5,136.5,023,NN,FM,12.5,"Gieboldehausen",
894,DB0HAA,439.37500,-,7.6,,88.5,88.5,023,NN,FM,12.5,"Hagen",
895,DB0PQ,439.37500,-,7.6,,88.5,88.5,023,NN,FM,12.5,"Juelich",
896,DB0OVL,439.37500,-,7.6,,88.5,91.5,023,NN,FM,12.5,"Landshut",
897,DB0MIN,439.37500,-,7.6,,88.5,88.5,023,NN,FM,12.5,"Minden",
898,DB0HM,439.37500,-,7.6,,88.5,88.5,023,NN,FM,12.5,"Pforzheim",
899,DB0LC,439.37500,-,7.6,Tone,97.4,97.4,023,NN,FM,12.5,"Scheidegg",
900,DB0ETB,439.37500,-,7.6,,88.5,88.5,023,NN,FM,12.5,"Weimar, Ettersberg",
901,DB0RBB,439.38750,-,7.6,,88.5,88.5,023,NN,FM,12.5,"Boeblingen",
902,DB0RNG,439.38750,-,7.6,,88.5,88.5,023,NN,FM,12.5,"Droegenbostel",
903,DO0SRE,439.38750,-,7.6,,88.5,88.5,23,NN,DV,12.5,"Recklinghausen",
904,DB0RTN,439.38750,-,7.6,,88.5,88.5,023,NN,FM,12.5,"Rotenburg",
905,DB0ANU,439.40000,-,7.6,,88.5,88.5,023,NN,FM,12.5,"Ansbach",
906,DB0AER,439.40000,-,7.6,,88.5,88.5,023,NN,FM,12.5,"Auerbach",
907,DB0HW,439.40000,-,7.6,,88.5,88.5,023,NN,FM,12.5,"Bad Harzburg, Torfhaus",
908,DB0WOS,439.40000,-,7.6,,88.5,88.5,023,NN,FM,12.5,"Freyung, Geyersberg",
909,DB0GRZ,439.40000,-,7.6,,88.5,88.5,023,NN,FM,12.5,"Goerlitz",
910,DB0CT,439.40000,-,7.6,,88.5,88.5,023,NN,FM,12.5,"Hanau",
911,DO0SMG,439.40000,-,7.6,,88.5,88.5,023,NN,FM,12.5,"Hoch-Seelow, Ruegen",
912,DB0LHR,439.40000,-,7.6,,88.5,88.5,023,NN,FM,12.5,"Lahr",
913,DB0DM,439.40000,-,7.6,,88.5,88.5,023,NN,FM,12.5,"Mauerstetten",
914,DB0MUH,439.40000,-,7.6,,88.5,88.5,023,NN,FM,12.5,"Much",
915,DB0NAU,439.40000,-,7.6,,88.5,88.5,023,NN,FM,12.5,"Nauen",
916,DB0EMS,439.40000,-,7.6,Tone,123.0,123.0,023,NN,FM,12.5,"Papenburg, Soegel",
917,DB0HZL,439.40000,-,7.6,,88.5,88.5,023,NN,FM,12.5,"Ratzeburg",
918,DB0ADB,439.41250,-,7.6,,88.5,88.5,023,NN,FM,12.5,"Bamberg",
919,DB0ISA,439.41250,-,7.6,,88.5,88.5,023,NN,FM,12.5,"Erkenbrechtsweiler",
920,DM0ET,439.41250,-,7.6,,88.5,88.5,023,NN,FM,12.5,"Frensdorf",
921,DB0HRF,439.41250,-,7.6,Tone,67.0,67.0,023,NN,FM,12.5,"Grosser Feldberg",
922,DB0HI,439.41250,-,7.6,,88.5,88.5,023,NN,FM,12.5,"Heiligenhaus",
923,DB0RV,439.41250,-,7.6,Tone,123.0,123.0,023,NN,FM,12.5,"Ravensburg, Berg",
924,DB0SAC,439.42500,-,7.6,,88.5,88.5,023,NN,FM,12.5,"Bad Saeckingen",
925,DB0SP,439.42500,-,7.6,,88.5,88.5,023,NN,FM,12.5,"Berlin, Schaeferberg",
926,DB0HTV,439.42500,-,7.6,,88.5,88.5,023,NN,FM,12.5,"Frankfurt, Europe Tower",
927,DB0ILM,439.42500,-,7.6,,88.5,88.5,023,NN,FM,12.5,"Ilmenau, Hohe Warte",
928,DB0KB,439.42500,-,7.6,,88.5,88.5,023,NN,FM,12.5,"Koeterberg",
929,DB0AMB,439.42500,-,7.6,,88.5,88.5,023,NN,FM,12.5,"Nennslingen",
930,DB0RHB,439.42500,-,7.6,,88.5,88.5,023,NN,FM,12.5,"Rheinbach, Todenfeld",
931,DB0GK,439.42500,-,7.6,,88.5,131.8,023,NN,FM,12.5,"Sachsenheim, Hohenhaslach, Hohe Reute",
932,DB0ABG,439.43750,-,7.6,Tone,123.0,123.0,023,NN,FM,12.5,"Amberg",
933,DB0SKF,439.43750,-,7.6,,88.5,88.5,023,NN,FM,12.5,"Freudenstadt, Schoellkopf",
934,DB0MOT,439.43750,-,7.6,,88.5,88.5,23,NN,DV,12.5,"Kleiner Feldberg",
935,DF0MHR,439.43750,-,7.6,Tone,67.0,67.0,023,NN,FM,12.5,"Muelheim, Ruhr",
936,DB0NJ,439.43750,-,7.6,,88.5,88.5,023,NN,FM,12.5,"Muenchen, Studentenstadt",
937,DB0RTN,439.43750,-,7.6,,88.5,88.5,023,NN,FM,12.5,"Rotenburg",
938,DO0ERZ,439.43750,-,7.6,,88.5,88.5,023,NN,FM,12.5,"Thalheim, Erzgebirge",
939,DB0AB,439.45000,-,7.6,,88.5,88.5,23,NN,DV,12.5,"Arberg",
940,DB0RVB,439.45000,-,7.6,Tone,88.5,88.5,023,NN,FM,12.5,"Bad Sachsa, Ravensberg/Harz",
941,DB0BS,439.45000,-,7.6,,88.5,88.5,23,NN,DV,12.5,"Bochum",
942,DM0GRI,439.45000,-,7.6,,88.5,88.5,23,NN,DV,12.5,"Griesingen",
943,DB0HRF,439.45000,-,7.6,,88.5,88.5,23,NN,DV,12.5,"Grosser Feldberg",
944,DM0HMB,439.45000,-,7.6,,88.5,88.5,023,NN,FM,12.5,"Hamburg",
945,DB0SL ,439.45000,-,7.6,,88.5,88.5,23,NN,DV,12.5,"Landau, Deggendorf",
946,DB0WO,439.45000,-,7.6,,88.5,88.5,23,NN,DV,12.5,"Leer",
947,DB0AMK,439.45000,-,7.6,,88.5,88.5,23,NN,DV,12.5,"Tangermuende, Stendal",
948,DB0VSS,439.45000,-,7.6,,88.5,88.5,023,NN,FM,12.5,"Villingen, Schwenningen",
949,DB0ERK,439.45625,-,7.6,,88.5,88.5,23,NN,DV,12.5,"Erkelenz",
950,DB0DOS,439.45635,-,7.6,,88.5,88.5,23,NN,DV,12.5,"Osnabrueck, Doerenberg",
951,DB0ERZ,439.46250,-,7.6,,88.5,88.5,023,NN,FM,12.5,"Auersberg",
952,DB0DF ,439.46250,-,7.6,,88.5,88.5,23,NN,DV,12.5,"Berlin, Hohenschoenhausen",
953,DB0RIG,439.46250,-,7.6,,88.5,88.5,23,NN,DV,12.5,"Donzdorf",
954,DB0DDE,439.46250,-,8,,88.5,88.5,023,NN,FM,12.5,"Essen",
955,DM0HHW,439.46250,-,7.6,,88.5,88.5,23,NN,DV,12.5,"Hamburg, Wandsbek",
956,DB0TM,439.46250,-,9.4,,88.5,88.5,023,NN,FM,12.5,"Kassel, FMT",
957,DB0IZ,439.46250,-,7.6,,88.5,88.5,23,NN,DV,12.5,"Krempermoor",
958,DB0IKS,439.46250,-,7.6,,88.5,88.5,23,NN,DV,12.5,"Quierschied",
959,DB0WK ,439.46250,-,7.6,,88.5,88.5,023,NN,FM,12.5,"Wasserkuppe",
960,DB0DON,439.46875,-,7.6,,88.5,88.5,23,NN,DV,12.5,"Donauwoerth",
961,DB0AFZ,439.47500,-,7.6,,88.5,88.5,23,NN,DV,12.5,"Baunatal, DARC",
962,DB0DMR,439.47500,-,7.6,,88.5,88.5,023,NN,FM,12.5,"Feuchtwangen",
963,DB0RDH,439.47500,-,7.6,,88.5,88.5,23,NN,DV,12.5,"Grandsberg",
964,DB0HGW,439.47500,-,7.6,,88.5,88.5,23,NN,DV,12.5,"Greifswald",
965,DM0LEI,439.47500,-,7.6,,88.5,88.5,23,NN,DV,12.5,"Leipzig",
966,DF0MHR,439.47500,-,7.6,,88.5,88.5,23,NN,DV,12.5,"Muelheim, Ruhr",
967,DB0WZ,439.47500,-,7.6,,88.5,88.5,23,NN,DV,12.5,"Wuerzburg",
968,DB0EIS,439.48125,-,7.60005,,88.5,88.5,23,NN,DV,12.5,"Siegen, Eisernhardt",
969,DB0FAA,439.48750,-,7.6,,88.5,88.5,023,NN,FM,12.5,"Aalen, Braunenberg",
970,DB0DLR,439.48750,-,7.6,,88.5,88.5,23,NN,DV,12.5,"Braunschweig",
971,DB0HFT,439.48750,-,7.6,,88.5,88.5,23,NN,DV,12.5,"Bremen",
972,DB0SPN,439.48750,-,7.6,,88.5,88.5,023,NN,FM,12.5,"Cottbus",
973,DB0DS,439.48750,-,7.6,,88.5,88.5,023,NN,FM,12.5,"Dortmund",
974,DM0EA,439.48750,-,7.6,,88.5,88.5,23,NN,DV,12.5,"Eisenach",
975,DB0SIF,439.48750,-,7.6,,88.5,88.5,23,NN,DV,12.5,"Giessen",
976,DB0CW,439.48750,-,7.6,,88.5,88.5,23,NN,DV,12.5,"Lindlar, Gummersbach",
977,DM0SL,439.48750,-,7.6,,88.5,88.5,023,NN,FM,12.5,"Schleswig, TV-Tower",
978,DB0TIT,439.48750,-,7.6,,88.5,88.5,23,NN,DV,12.5,"Titisee",
979,DB0FHW,439.48750,-,7.6,,88.5,88.5,23,NN,DV,12.5,"Wolfenbuettel",
980,DB0WZB,439.48750,-,7.6,,88.5,88.5,23,NN,DV,12.5,"Wuerzburg",
981,DB0WTV,439.49375,-,7.6,,88.5,88.5,23,NN,DV,12.5,"Wilhelmshaven",
982,DB0FEU,439.50000,-,7.6,,88.5,88.5,23,NN,DV,12.5,"Feuchtwangen",
983,DB0SAT,439.50000,-,7.6,,88.5,88.5,023,NN,FM,12.5,"Hamburg",
984,DB0FZH,439.50000,-,7.6,,88.5,88.5,23,NN,DV,12.5,"Hatten",
985,DB0XX,439.50000,-,7.6,,88.5,88.5,023,NN,FM,12.5,"Helmstedt",
986,DB0SBX,439.50000,-,7.6,,88.5,88.5,23,NN,DV,12.5,"Hohenstein, Ernstthal",
987,DB0SN ,439.50000,-,7.6,,88.5,88.5,23,NN,DV,12.5,"Hoher Hagen, Gaussturm",
988,DB0DJ,439.50000,-,7.6,,88.5,88.5,23,NN,DV,12.5,"Karlsbad",
989,DB0NU,439.50000,-,9.4,,88.5,88.5,23,NN,DV,12.5,"Maroldsweisach",
990,DB0OTV,439.50000,-,7.6,,88.5,123.0,23,NN,DV,12.5,"Meerbusch",
991,DB0SZS,439.50000,-,7.6,,88.5,88.5,23,NN,DV,12.5,"Osnabrueck",
992,DB0POB,439.50000,-,7.6,,88.5,88.5,23,NN,DV,12.5,"Pobenhausen",
993,DB0CI,439.50000,-,7.6,,88.5,88.5,23,NN,DV,12.5,"Schramberg, Sulgen",
994,DB0CWS,439.50000,-,7.6,,88.5,88.5,23,NN,DV,12.5,"Steinau, an der Strasse",
995,DB0HWR,439.50000,-,7.6,,88.5,88.5,23,NN,DV,12.5,"Weiskirchen, Rappweiler",
996,DB0HSK,439.50625,-,7.6,,88.5,88.5,23,NN,DV,12.5,"Meschede",
997,DB0ORT,439.50625,-,7.6,,88.5,88.5,23,NN,DV,12.5,"Ortenau",
998,DB0HYT,439.51250,-,7.6,,88.5,88.5,023,NN,FM,12.5,"Bad Muender, Deister",
999,DB0BOS,439.51250,-,7.6,,88.5,88.5,23,NN,DV,12.5,"Boellstein",
1000,DB0WE,439.51250,-,7.6,,88.5,88.5,23,NN,DV,12.5,"Essen, Bredeney",
1001,DB0ESS,439.51250,-,7.6,,88.5,88.5,23,NN,DV,12.5,"Gruenten",
1002,DB0HPA,439.51250,-,7.6,,88.5,88.5,23,NN,DV,12.5,"Laegerdorf",
1003,DB0MDX ,439.51250,-,7.6,,88.5,88.5,23,NN,DV,12.5,"Marburg, Lahnberge",
1004,DO0FWH,439.51250,-,7.6,,88.5,88.5,23,NN,DV,12.5,"Stresow",
1005,DB0THM,439.51250,-,7.6,,88.5,88.5,23,NN,DV,12.5,"Thalmaessing",
1006,DM0HHO,439.52500,-,7.6,,88.5,88.5,23,NN,DV,12.5,"Ahrensburg",
1007,DB0ERZ,439.52500,-,7.6,,88.5,88.5,23,NN,DV,12.5,"Auersberg",
1008,DB0STB,439.52500,-,7.6,,88.5,88.5,23,NN,DV,12.5,"Beilstein , Stocksberg - Ort ",
1009,DM0MOT,439.52500,-,7.6,,88.5,88.5,023,NN,FM,12.5,"Berlin",
1010,DB0DAM,439.52500,-,7.6,,88.5,88.5,23,NN,DV,12.5,"Dammer Berge",
1011,DM0PX,439.52500,-,7.6,,88.5,88.5,23,NN,DV,12.5,"Eschborn",
1012,DB0HHO,439.52500,-,7.6,,88.5,88.5,023,NN,FM,12.5,"Grosshansdorf",
1013,DB0HRM ,439.52500,-,7.6,,88.5,88.5,23,NN,DV,12.5,"Hoher Meissner",
1014,DB0MIC,439.52500,-,7.6,,88.5,88.5,023,NN,FM,12.5,"Neuried",
1015,DB0VOX,439.52500,-,7.6,,88.5,88.5,23,NN,DV,12.5,"Nuernberg",
1016,DB0DRE,439.52500,-,7.6,,88.5,88.5,023,NN,FM,12.5,"Recklinghausen",
1017,DB0EW,439.52500,-,7.6,,88.5,88.5,23,NN,DV,12.5,"Saarbruecken",
1018,DB0NGU,439.52500,-,7.6,,88.5,88.5,23,NN,DV,12.5,"Uelsen",
1019,DM0RDH,439.52500,-,7.6,,88.5,88.5,023,NN,FM,12.5,"Wiesenfelden, Schwemm",
1020,DB0DBN,439.53125,-,7.6,,88.5,88.5,23,NN,DV,12.5,"Bonn",
1021,DB0BLB,439.53750,-,7.6,,88.5,88.5,23,NN,DV,12.5,"Bad Berleburg",
1022,DB0OBO,439.53750,-,7.6,,88.5,88.5,023,NN,FM,12.5,"Bad Muender, Deister",
1023,DB0BHN,439.53750,-,7.6,,88.5,88.5,23,NN,DV,12.5,"Bremerhaven",
1024,DB0DDE,439.53750,-,7.6,,88.5,88.5,23,NN,DV,12.5,"Essen",
1025,DM0GER,439.53750,-,7.6,,88.5,67.0,23,NN,DV,12.5,"Germering",
1026,DB0VRH,439.53750,-,7.6,,88.5,88.5,23,NN,DV,12.5,"Kiedrich, Eichberg",
1027,DB0LEO,439.53750,-,7.6,,88.5,88.5,023,NN,FM,12.5,"Leonberg",
1028,DB0FWS,439.53750,-,7.6,,88.5,88.5,23,NN,DV,12.5,"Schweinfurt",
1029,DB0DTR,439.53750,-,7.6,,88.5,88.5,023,NN,FM,12.5,"Trier",
1030,DB0SEN,439.54375,-,7.6,,88.5,88.5,23,NN,DV,12.5,"Senden",
1031,DB0ADB,439.55000,-,7.6,,88.5,88.5,23,NN,DV,12.5,"Bamberg",
1032,DB0DBN,439.55000,-,7.6,,88.5,88.5,023,NN,FM,12.5,"Bonn, Oelberg",
1033,DB0CHV,439.55000,-,7.6,,88.5,88.5,23,NN,DV,12.5,"Cuxhaven",
1034,DB0SHA,439.55000,-,7.6,,88.5,88.5,23,NN,DV,12.5,"Hannover",
1035,DB0LBX,439.55000,-,7.6,,88.5,88.5,23,NN,DV,12.5,"Ludwigsburg",
1036,DM0LUE,439.55000,-,7.6,,88.5,88.5,23,NN,DV,12.5,"Luedersdorf",
1037,DM0MW,439.55000,-,7.6,,88.5,88.5,23,NN,DV,12.5,"Mittweida",
1038,DB0MI,439.55000,-,7.6,,88.5,88.5,023,NN,FM,12.5,"Moenchberg",
1039,DB0PBS,439.55000,-,7.6,,88.5,88.5,23,NN,DV,12.5,"Paderborn, University",
1040,DB0AAT,439.55000,-,7.6,,88.5,88.5,023,NN,FM,12.5,"Traunstein, Hochberg",
1041,DB0FRB,439.56250,-,7.6,,88.5,88.5,23,NN,DV,12.5,"Freiburg",
1042,DB0FS,439.56250,-,7.6,,88.5,88.5,23,NN,DV,12.5,"Hamburg, Lokstedt",
1043,DB0WIM,439.56250,-,7.6,,88.5,88.5,023,NN,FM,12.5,"Herxheim",
1044,DB0OHA,439.56250,-,7.6,,88.5,88.5,23,NN,DV,12.5,"Herzberg",
1045,DB0WV,439.56250,-,7.6,,88.5,88.5,23,NN,DV,12.5,"Hoechsten, Illmensee",
1046,DB0MYK,439.56250,-,7.6,,88.5,88.5,23,NN,DV,12.5,"Koblenz, Gaensehals Mayen",
1047,DB0LY,439.56250,-,7.6,,88.5,88.5,23,NN,DV,12.5,"Lychen",
1048,DB0ZO,439.56250,-,7.6,,88.5,88.5,23,NN,DV,12.5,"Osnabrueck, Doerenberg",
1049,DB0ZB,439.56250,-,7.6,,88.5,88.5,23,NN,DV,12.5,"Schneeberg",
1050,DB0KH,439.56250,-,7.6,,88.5,88.5,23,NN,DV,12.5,"Schwarzenborn, Knuell",
1051,DB0LDS,439.56250,-,7.6,,88.5,88.5,23,NN,DV,12.5,"Wildau",
1052,DB0FEU,439.57500,-,7.6,,88.5,88.5,023,NN,FM,12.5,"Feuchtwangen",
1053,DF0MOT,439.57500,-,7.6,,88.5,88.5,023,NN,FM,12.5,"Grosser Feldberg",
1054,DB0LE,439.57500,-,7.6,,88.5,88.5,23,NN,DV,12.5,"Leipzig",
1055,DB0WUN,439.57500,-,7.6,,88.5,88.5,23,NN,DV,12.5,"Marktredwitz",
1056,DB0NG,439.57500,-,7.6,,88.5,88.5,23,NN,DV,12.5,"Marl",
1057,DB0TVM,439.57500,-,7.6,,88.5,88.5,23,NN,DV,12.5,"Muenchen",
1058,DB0REU,439.57500,-,7.6,,88.5,88.5,23,NN,DV,12.5,"Reutlingen",
1059,DF0HHH,439.57500,-,7.6,,88.5,88.5,023,NN,FM,12.5,"Rosengarten",
1060,DB0DB,439.58750,-,7.6,,88.5,88.5,23,NN,DV,12.5,"Badenweiler, Hochblauen",
1061,DM0RD,439.58750,-,7.6,,88.5,88.5,023,NN,FM,12.5,"Berlin, Tempelhof",
1062,DB0ELD,439.58750,-,7.6,,88.5,88.5,23,NN,DV,12.5,"Emsland",
1063,DB0FIB,439.58750,-,7.6,,88.5,88.5,23,NN,DV,12.5,"Fichtelberg, Erzgebirge, Sachsen",
1064,DB0HAA,439.58750,-,7.6,,88.5,88.5,23,NN,DV,12.5,"Hagen",
1065,DB0TVH,439.58750,-,7.6,,88.5,88.5,023,NN,FM,12.5,"Hannover",
1066,DB0TTB,439.58750,-,7.6,,88.5,88.5,023,NN,FM,12.5,"Hohenpeissenberg",
1067,DB0SD,439.58750,-,7.6,,88.5,88.5,23,NN,DV,12.5,"Idar-Oberstein, Hillschied",
1068,DB0TUV,439.58750,-,7.6,,88.5,88.5,23,NN,DV,12.5,"Koeln",
1069,DB0RKB,439.58750,-,7.6,,88.5,88.5,23,NN,DV,12.5,"Kreuzberg",
1070,DO0DNR,439.58750,-,7.6,,88.5,123.0,023,NN,FM,12.5,"Moenchengladbach",
1071,DB0ULM,439.58750,-,7.6,,88.5,88.5,23,NN,DV,12.5,"Ulm",
1072,DB0HDF,439.70000,-,4.8,,88.5,88.5,023,NN,FM,12.5,"Hermsdorf",
1073,DB0MON,439.77500,-,9.4,,88.5,88.5,023,NN,FM,12.5,"Monschau",
1074,DF0MHR,439.80000,-,9.4,,88.5,88.5,023,NN,FM,12.5,"Muelheim, Ruhr",
1075,DB0TVM,439.80000,-,9.4,,88.5,88.5,023,NN,FM,12.5,"Muenchen",
1076,DB0RB,439.81250,-,9.4,,88.5,88.5,023,NN,FM,12.5,"Bruchsal",
1077,DB0ERK,439.81250,-,9.4,,88.5,88.5,23,NN,DV,12.5,"Erkelenz",
1078,DB0DY,439.81250,-,9.4,,88.5,88.5,23,NN,DV,12.5,"Lengerich",
1079,DB0REI,439.81250,-,9.4,Tone,88.5,88.5,023,NN,FM,12.5,"Reinhardshain",
1080,DM0FL,439.82500,-,9.4,Tone,67.0,67.0,023,NN,FM,12.5,"Freienwill, Fernmeldeturm",
1081,DB0PME,439.82500,-,9.4,,88.5,88.5,023,NN,FM,12.5,"Gmund",
1082,DM0RDT,439.82500,-,9.4,Tone,67.0,67.0,023,NN,FM,12.5,"Grillheim",
1083,DB0HAA,439.82500,-,9.4,,88.5,88.5,023,NN,FM,12.5,"Hagen",
1084,DB0LJ,439.82500,-,9.4,,88.5,88.5,23,NN,DV,12.5,"Kruft",
1085,DM0ZF,439.82500,-,9.4,,88.5,88.5,023,NN,FM,12.5,"Lauf, Black Forest",
1086,DB0ABZ,439.82500,-,9.4,,88.5,88.5,023,NN,FM,12.5,"Salzgitter",
1087,DB0RZ,439.82500,-,9.4,,88.5,88.5,023,NN,FM,12.5,"Uttenweiler, Bussen",
1088,DB0WK,439.82500,-,9.4,,88.5,88.5,023,NN,FM,12.5,"Wasserkuppe",
1089,DB0RHN,439.83750,-,9.4,,88.5,88.5,023,NN,FM,12.5,"Rhoen",
1090,DB0AVR,439.83750,-,9.4,,88.5,88.5,023,NN,FM,12.5,"Stollberg",
1091,DM0VL,439.83750,-,9.4,,88.5,88.5,023,NN,FM,12.5,"Villingen",
1092,DM0WW,439.85000,-,9.4,,88.5,88.5,23,NN,DV,12.5,"Bad Kohlgrub, Hoernle - Ammergauer Alpen",
1093,DB0DDS,439.85000,-,9.4,,88.5,88.5,023,NN,FM,12.5,"Dortmund, Schwerte",
1094,DB0FUE,439.85000,-,9.4,,88.5,88.5,023,NN,FM,12.5,"Fuerth",
1095,DB0HDF,439.85000,-,9.4,,88.5,88.5,23,NN,DV,12.5,"Hermsdorf",
1096,DB0UT,439.85000,-,9.4,,88.5,88.5,023,NN,FM,12.5,"Kahlheid",
1097,DB0CWS,439.85000,-,9.4,,88.5,88.5,023,NN,FM,12.5,"Steinau, an der Strasse",
1098,DB0MAR,439.85000,-,9.4,,88.5,88.5,23,NN,DV,12.5,"Timmendorfer, Strand",
1099,DB0DAM,439.86250,-,9.4,,88.5,88.5,023,NN,FM,12.5,"Dammer Berge",
1100,DB0ANT,439.86250,-,9.4,,88.5,88.5,023,NN,FM,12.5,"Wolfenbuettel",
1101,DB0XY,439.87500,-,9.4,,88.5,88.5,023,NN,FM,12.5,"Bocksberg",
1102,DB0UHC,439.87500,-,7.6,,88.5,88.5,23,NN,DV,12.5,"Grevenbroich",
1103,DB0TN,439.87500,-,9.4,,88.5,88.5,023,NN,FM,12.5,"Haslach, Brandenkopf",
1104,DM0IZH,439.87500,-,9.4,,88.5,88.5,23,NN,DV,12.5,"Itzehoe",
1105,DM0FFL,439.87500,-,9.4,Tone,67.0,67.0,023,NN,FM,12.5,"Landshut",
1106,DB0DOS,439.87500,-,9.4,Tone,123.0,123.0,023,NN,FM,12.5,"Osnabrueck, Doerenberg",
1107,DB0RZS,439.87500,-,9.4,,88.5,88.5,23,NN,DV,12.5,"Zabelstein",
1108,DB0UX,439.88750,-,9.4,,88.5,88.5,023,NN,FM,12.5,"Durlach",
1109,DB0VR,439.88750,-,9.4,,88.5,88.5,023,NN,FM,12.5,"Nordhelle",
1110,DB0SKF,439.90000,-,9.4,,88.5,88.5,023,NN,FM,12.5,"Freudenstadt, Schoellkopf",
1111,DO0BSH,439.90000,-,9.4,,88.5,88.5,023,NN,FM,12.5,"Hamburg, St. Pauli Landungsbruecken",
1112,DB0TVH,439.90000,-,8.4,,88.5,88.5,023,NN,FM,12.5,"Hannover",
1113,DO0DXE,439.90000,-,9.4,,88.5,88.5,023,NN,FM,12.5,"Kassel",
1114,DB0DAE,439.91250,-,9.4,,88.5,88.5,023,NN,FM,12.5,"Castrop-Rauxel",
1115,DM0WM,439.91250,-,9.4,,88.5,88.5,23,NN,DV,12.5,"Karlsruhe",
1116,DB0DRI,439.91250,-,9.4,,88.5,88.5,023,NN,FM,12.5,"Poembsen",
1117,DB0OAL,439.91250,-,9.4,Tone,123.0,123.0,023,NN,FM,12.5,"Tegelberg, Allgaeu",
1118,DB0DEL,439.92500,-,9.4,,88.5,88.5,023,NN,FM,12.5,"Delmenhorst, Ganderkesee",
1119,DB0RDH,439.92500,-,9.4,,88.5,88.5,023,NN,FM,12.5,"Grandsberg",
1120,DB0KLI,439.92500,-,9.4,,88.5,88.5,23,NN,DV,12.5,"Klippeneck",
1121,DB0WT,439.92500,-,9.4,,88.5,88.5,023,NN,FM,12.5,"Lemgo",
1122,DB0DWL,439.92500,-,9.4,,88.5,88.5,23,NN,DV,12.5,"Luebeck",
1123,DM0ODW,439.92500,-,9.4,,88.5,88.5,023,NN,FM,12.5,"Mudau",
1124,DB0ODE,439.92500,-,9.4,,88.5,88.5,023,NN,FM,12.5,"Obrigheim",
1125,DB0FSG,439.93750,-,9.4,,88.5,88.5,023,NN,FM,12.5,"Freising, Langenbach",
1126,DM0ZF,439.93750,-,9.4,,88.5,88.5,023,NN,FM,12.5,"Lauf, Black Forest",
1127,DB0XN,439.95000,-,9.4,Tone,67.0,67.0,023,NN,FM,12.5,"Bredstedt",
1128,DB0JSF,439.95000,-,9.4,,88.5,88.5,023,NN,FM,12.5,"Frankfurt an der Oder",
1129,DB0NIS,439.95000,-,9.4,,88.5,88.5,023,NN,FM,12.5,"Nideggen",
1130,DF0ANN,439.95000,-,9.4,,88.5,88.5,023,NN,FM,12.5,"Nuernberg, Moritzberg",
1131,DB0ZO,439.95000,-,9.45,,88.5,88.5,023,NN,FM,12.5,"Osnabrueck, Doerenberg",
1132,DB0KH,439.95000,-,9.4,,88.5,67.0,023,NN,FM,12.5,"Schwarzenborn, Knuell",
1133,DB0ORT,439.96250,-,9.4,,88.5,88.5,023,NN,FM,12.5,"Ortenau",
1134,DB0ICM,439.97500,-,9.4,,88.5,88.5,23,NN,DV,12.5,"Bad Soden",
1135,DB0AFZ,439.97500,-,9.4,,88.5,88.5,023,NN,FM,12.5,"Baunatal, DARC",
1136,DB0BS,439.97500,-,9.4,,88.5,88.5,023,NN,FM,12.5,"Bochum",
1137,DB0DBN,439.97500,-,9.4,,88.5,88.5,023,NN,FM,12.5,"Bonn, Oelberg",
1138,DB0ATS,439.97500,-,9.4,,88.5,88.5,023,NN,FM,12.5,"Hannover, Messe",
1139,DB0HLB,439.97500,-,9.4,,88.5,88.5,023,NN,FM,12.5,"Hesselberg",
1140,DL3AW,439.97500,,9.4,,88.5,88.5,023,NN,FM,12.5,"Luebbecke",
1141,DB0HAS,439.97500,-,9.4,,88.5,88.5,23,NN,DV,12.5,"Zeil am Main",
1142,DB0MYK,1242.27500,+,28,,88.5,88.5,23,NN,DV,12.5,"Koblenz, Gaensehals Mayen",
1143,DB0BO,1242.40000,+,28,,88.5,88.5,023,NN,FM,12.5,"Ostfildern, Nellingen",
1144,DB0SA,1242.42500,+,28,,88.5,88.5,023,NN,FM,12.5,"Detmold",
1145,DB0HRF,1242.45000,+,28,,88.5,88.5,23,NN,DV,12.5,"Grosser Feldberg",
1146,DB0ESS,1242.45000,,28,,88.5,88.5,23,NN,DV,12.5,"Gruenten",
1147,DB0VOX,1242.45000,,28,,88.5,88.5,23,NN,DV,12.5,"Nuernberg",
1148,DB0EG,1242.50000,+,28,,88.5,88.5,023,NN,FM,12.5,"Coesfeld, Schoeppingen",
1149,DB0NG,1242.57500,,28,,88.5,88.5,23,NN,DV,12.5,"Marl",
1150,DB0SN,1242.65000,+,28,,88.5,88.5,023,NN,FM,12.5,"Goettingen, Bismarkturm",
1151,DB0FIB,1242.70000,+,28,,88.5,88.5,023,NN,FM,12.5,"Fichtelberg, Erzgebirge, Sachsen",
1152,DB0MOT,1242.70000,+,28,,88.5,88.5,023,NN,FM,12.5,"Kleiner Feldberg",
1153,DB0SMB,1242.70000,+,28,,88.5,88.5,023,NN,FM,12.5,"Salzgitter",
1154,DB0DK,1265.30000,+,28,,88.5,88.5,023,NN,FM,12.5,"Wendelstein",
1155,DB0YU,1266.35000,+,28,,88.5,88.5,023,NN,FM,12.5,"Darmstadt, Melibokus",
1156,DB0PAD,1278.25000,+,1064.75,,88.5,88.5,023,NN,FM,12.5,"Paderborn",
1157,DB0LTG,1296.75000,-,864.2,,88.5,88.5,023,NN,FM,12.5,"Unnenberg",
1158,DB0MYK,1297.22500,,864.2,,88.5,88.5,23,NN,DV,12.5,"Koblenz, Gaensehals Mayen",
1159,DB0HRF,1297.37500,,864.2,,88.5,88.5,23,NN,DV,12.5,"Grosser Feldberg",
1160,DB0RZS,1297.37500,+,4,,88.5,88.5,23,NN,DV,12.5,"Zabelstein",
1161,DB0RKB,1298.10000,,4,,88.5,88.5,23,NN,DV,12.5,"Kreuzberg",
1162,DB0GLA,1298.20000,-,28,,88.5,88.5,023,NN,FM,12.5,"Gladbeck",
1163,DB0KHE,1298.20000,-,28,,88.5,88.5,023,NN,FM,12.5,"Karlsruhe",
1164,DB0EL,1298.20000,-,28,,88.5,88.5,023,NN,FM,12.5,"Muenchen, Olympic Tower",
1165,DB0SAT,1298.22500,-,28,,88.5,88.5,023,NN,FM,12.5,"Hamburg",
1166,DB0HH,1298.22500,-,28,,88.5,88.5,023,NN,FM,12.5,"Muenster",
1167,DB0UKW,1298.22500,-,28,,88.5,88.5,023,NN,FM,12.5,"Weinheim",
1168,DB0GIS,1298.25000,-,28,,88.5,88.5,023,NN,FM,12.5,"Biebertal",
1169,DB0XY,1298.25000,-,28,,88.5,88.5,023,NN,FM,12.5,"Bocksberg",
1170,DB0ZO,1298.25000,-,28,Tone,1750,1750,023,NN,FM,12.5,"Osnabrueck, Doerenberg",
1171,DB0ST,1298.25000,-,28,,88.5,88.5,023,NN,FM,12.5,"Stuttgart",
1172,DB0KX,1298.25000,-,28,,88.5,88.5,023,NN,FM,12.5,"Viersen",
1173,DB0RZS,1298.25000,-,28,,88.5,88.5,23,NN,DV,12.5,"Zabelstein",
1174,DB0SAQ,1298.27500,-,28,,88.5,88.5,023,NN,FM,12.5,"Cleebronn, Michaelsberg",
1175,DB0RP,1298.27500,-,28,,88.5,88.5,023,NN,FM,12.5,"Regensburg",
1176,DB0BPY,1298.30000,-,28,,88.5,88.5,023,NN,FM,12.5,"Bad Pyrmont",
1177,DB0DON,1298.30000,-,28,,88.5,88.5,023,NN,FM,12.5,"Donauwoerth",
1178,DB0UX,1298.30000,-,28,,88.5,88.5,023,NN,FM,12.5,"Durlach",
1179,DB0MHR,1298.30000,-,28,,88.5,88.5,023,NN,FM,12.5,"Muelheim, Ruhr",
1180,DB0THC,1298.30000,-,28,,88.5,88.5,023,NN,FM,12.5,"Schneeberg",
1181,DB0BHN,1298.32500,-,28,Tone,74.4,74.4,023,NN,FM,12.5,"Bremerhaven",
1182,DB0PET,1298.32500,-,28,,88.5,88.5,023,NN,FM,12.5,"Halle / Saale, Petersberg",
1183,DB0KOE,1298.32500,-,28,,88.5,88.5,023,NN,FM,12.5,"Koeln",
1184,DB0SWB,1298.32500,-,28,,88.5,88.5,023,NN,FM,12.5,"Villingen, Schwenningen",
1185,DB0WZ,1298.32500,-,28,,88.5,88.5,23,NN,DV,12.5,"Wuerzburg",
1186,DB0NIX,1298.35000,-,28,,88.5,88.5,023,NN,FM,12.5,"Bad Duerkheim, Leistadt",
1187,DB0YE,1298.35000,-,28,,88.5,88.5,023,NN,FM,12.5,"Badenweiler, Hochblauen",
1188,DB0HEM,1298.35000,-,28,,88.5,88.5,023,NN,FM,12.5,"Helmstedt",
1189,DB0SBG,1298.35000,-,28,,88.5,88.5,023,NN,FM,12.5,"Heubach, Schwaebisch Gmuend ",
1190,DB0RKB,1298.35000,-,28,,88.5,88.5,23,NN,DV,12.5,"Kreuzberg",
1191,DB0MAK,1298.35000,-,28,Tone,74.4,74.4,023,NN,FM,12.5,"Marktredwitz",
1192,DB0CHA,1298.37500,-,28,,88.5,88.5,023,NN,FM,12.5,"Cham, Hoher Bogen",
1193,DB0FBH,1298.37500,-,28,,88.5,88.5,023,NN,FM,12.5,"Felsbergerhof",
1194,DB0BGK,1298.37500,-,28,,88.5,88.5,023,NN,FM,12.5,"Kitzingen",
1195,DB0LMM,1298.37500,-,28,,88.5,88.5,023,NN,FM,12.5,"Leipzig",
1196,DB0REU,1298.37500,-,28,,88.5,88.5,023,NN,FM,12.5,"Reutlingen",
1197,DB0DS,1298.40000,-,28,,88.5,88.5,23,NN,DV,12.5,"Dortmund",
1198,DB0LIC,1298.40000,-,28,,88.5,88.5,023,NN,FM,12.5,"Lichtenfels",
1199,DB0SR,1298.40000,-,28,,88.5,88.5,023,NN,FM,12.5,"Saarbruecken, Holz",
1200,DB0ACA,1298.40000,-,28,,88.5,88.5,023,NN,FM,12.5,"Upflamoer, Watertower",
1201,DB0KOB,1298.42500,-,28,,88.5,88.5,023,NN,FM,12.5,"Berlin",
1202,DB0ESS,1298.42500,-,28,,88.5,88.5,23,NN,DV,12.5,"Gruenten",
1203,DB0TO,1298.42500,-,28,,88.5,88.5,023,NN,FM,12.5,"Hagen",
1204,DB0WZ,1298.42500,-,28,Tone,88.5,88.5,023,NN,FM,12.5,"Wuerzburg",
1205,DB0AGS,1298.45000,-,28,,88.5,88.5,023,NN,FM,12.5,"Augsburg",
1206,DB0RDH,1298.45000,-,28,,88.5,88.5,23,NN,DV,12.5,"Grandsberg",
1207,DB0XE,1298.45000,-,28,,88.5,88.5,023,NN,FM,12.5,"Kassel",
1208,DB0CW,1298.45000,-,28,,88.5,88.5,23,NN,DV,12.5,"Lindlar, Gummersbach",
1209,DB0STG,1298.45000,-,28,,88.5,88.5,023,NN,FM,12.5,"St. Georgen",
1210,DB0DE,1298.47500,-,28,,88.5,88.5,023,NN,FM,12.5,"Kaarst",
1211,DB0VB,1298.50000,-,28,,88.5,88.5,023,NN,FM,12.5,"Boellstein",
1212,DB0KIL,1298.50000,-,28,,88.5,88.5,023,NN,FM,12.5,"Kiel, TV-Tower",
1213,DB0SG,1298.50000,-,28,,88.5,88.5,023,NN,FM,12.5,"Koenigswinter, Oelberg",
1214,DB0YQ,1298.50000,-,28,,88.5,88.5,023,NN,FM,12.5,"Weiden",
1215,DB0BRO,1298.52500,-,28,,88.5,88.5,023,NN,FM,12.5,"Brocken, Harz",
1216,DB0SRE,1298.52500,-,28,,88.5,88.5,023,NN,FM,12.5,"Recklinghausen",
1217,DB0PFR,1298.52500,-,28,,88.5,88.5,023,NN,FM,12.5,"Tegelberg, Schwaben",
1218,DB0BA,1298.55000,-,28,,88.5,88.5,023,NN,FM,12.5,"Bergisch, Gladbach",
1219,DM0HMB,1298.55000,-,28,,88.5,88.5,23,NN,DV,12.5,"Hamburg",
1220,DB0ZF,1298.55000,-,28,,88.5,88.5,023,NN,FM,12.5,"Kaiserstuhl, Totenkopf",
1221,DB0WZ,1298.55000,,28,,88.5,88.5,23,NN,DV,12.5,"Wuerzburg",
1222,DB0KIS,1298.57500,-,28,,88.5,88.5,023,NN,FM,12.5,"Bad Kissingen",
1223,DB0DJ,1298.57500,-,28,,88.5,88.5,23,NN,DV,12.5,"Karlsbad",
1224,DB0ZK,1298.57500,-,28,,88.5,88.5,023,NN,FM,12.5,"Koblenz, Kuehkopf",
1225,DB0LAH,1298.57500,-,28,,88.5,88.5,023,NN,FM,12.5,"Landshut",
1226,DB0NG,1298.57500,-,28,,88.5,88.5,23,NN,DV,12.5,"Marl",
1227,DB0TG,1298.57500,-,28,,88.5,88.5,023,NN,FM,12.5,"Teufelsmoor",
1228,DB0CHV,1298.60000,-,28,,88.5,88.5,023,NN,FM,12.5,"Cuxhaven",
1229,DB0KAS,1298.60000,-,28,,88.5,88.5,023,NN,FM,12.5,"Kassel",
1230,DB0VA,1298.60000,-,28,,88.5,88.5,023,NN,FM,12.5,"Wiesbaden, Hohe Wurzel",
1231,DB0ZU,1298.60000,-,28,,88.5,88.5,023,NN,FM,12.5,"Zugspitze",
1232,DB0OI,1298.62500,-,28,,88.5,88.5,023,NN,FM,12.5,"Braunschweig, University",
1233,DB0EM,1298.62500,-,28,,88.5,88.5,023,NN,FM,12.5,"Bueren",
1234,DB0EE,1298.62500,-,28,Tone,110.9,110.9,023,NN,FM,12.5,"Elten",
1235,DB0RO,1298.62500,-,28,,88.5,88.5,023,NN,FM,12.5,"Frankweiler, Ringelsberg",
1236,DF0ANN,1298.62500,-,28,,88.5,88.5,023,NN,FM,12.5,"Nuernberg, Moritzberg",
1237,DB0RHB,1298.62500,-,28,,88.5,88.5,023,NN,FM,12.5,"Rheinbach, Todenfeld",
1238,DB0HUS,1298.65000,-,28,,88.5,88.5,023,NN,FM,12.5,"Bredstedt",
1239,DB0XN,1298.65000,-,28,,88.5,88.5,023,NN,FM,12.5,"Bredstedt",
1240,DB0XQ,1298.65000,-,28,,88.5,88.5,023,NN,FM,12.5,"Karlsbad, Ittersbach",
1241,DB0LEV,1298.65000,-,28,,88.5,88.5,023,NN,FM,12.5,"Leverkusen",
1242,DB0WB,1298.65000,-,28,,88.5,88.5,023,NN,FM,12.5,"Trescherberg",
1243,DB0ANU,1298.67500,-,28,,88.5,88.5,023,NN,FM,12.5,"Ansbach",
1244,DB0KIK,1298.67500,-,28,,88.5,88.5,023,NN,FM,12.5,"Ilmenau, Kickelhahn",
1245,DB0BLN,1298.70000,-,28,,88.5,88.5,023,NN,FM,12.5,"Berlin, Schaeferberg",
1246,DB0WTL,1298.70000,-,28,,88.5,88.5,023,NN,FM,12.5,"Loewenstein, Wasserturm Geishoelzle",
1247,DB0HSK,2320.65000,-,1888,,88.5,88.5,023,NN,FM,12.5,"Stimm Stamm",
1248,DM0MAX,10200.00000,+,200,,88.5,88.5,023,NN,FM,12.5,"Wiehengebirge",
