Location,Name,Frequency,Duplex,Offset,Tone,rToneFreq,cToneFreq,DtcsCode,DtcsPolarity,Mode,TStep,Comment
1,YO9C,145.60000,-,0.6,,88.5,88.5,023,NN,FM,12.5,"Sinaia, Bucegi Mts, Babele, 2163m altitude",
2,YO7Z,145.61200,-,0.6,Tone,123.0,123.0,023,NN,FM,12.5,"Cimpulung, Matau Hill, Rucar-Bran Passage",
3,YO5A,145.61250,-,0.6,,88.5,88.5,023,NN,FM,12.5,"Baia Mare",
4,YO2V,145.61250,-,0.6,Tone,100.0,100.0,023,NN,FM,12.5,"Sacosu Mare",
5,YO5W,145.61250,-,0.6,,88.5,88.5,023,NN,FM,12.5,"Tg.Lapus Vf. Paltinului (892 m, masivul muntos)",
6,YO6A,145.62500,-,0.6,,88.5,88.5,023,NN,FM,12.5,"Miercurea-Ciuc",
7,YO2B,145.63750,-,0.6,,88.5,88.5,023,NN,FM,12.5,"Vf. Semenic, 1444m",
8,YO5D,145.65000,-,0.6,,88.5,88.5,023,NN,FM,12.5,"Bistrita R2 - Heniu",
9,YO2I,145.65000,-,0.6,,88.5,88.5,023,NN,FM,12.5,"Vf. Siria",
10,YO5O,145.67500,-,0.6,,88.5,88.5,023,NN,FM,12.5,"Oradea",
11,YO9A,145.70000,-,0.6,,88.5,88.5,023,NN,FM,12.5,"Brasov, Omu Peak",
12,YO5S,145.70000,-,0.6,,88.5,88.5,023,NN,FM,12.5,"Zalau",
13,YO6D,145.72500,-,0.6,,88.5,88.5,023,NN,FM,12.5,"Brasov",
14,YO8D,145.72500,-,0.6,,88.5,88.5,023,NN,FM,12.5,"DOROHOI, IBANESTI, Magura Hill 406m",
15,YO5D,145.72500,-,0.6,,88.5,88.5,023,NN,FM,12.5,"Muntii Birgau, Vf Heniu Mare",
16,YO5C,145.73750,-,0.6,,88.5,88.5,023,NN,FM,12.5,"Baia Mare",
17,YO6M,145.73750,-,0.6,,88.5,88.5,023,NN,FM,12.5,"Medias",
18,YO5B,145.75000,-,0.6,,88.5,88.5,023,NN,FM,12.5,"Sat. Poiana Fasca, Vf.Osoiu",
19,YO5N,145.75000,-,0.6,,88.5,88.5,023,NN,FM,12.5,"Satu-Mare, Turnul Pompierilor",
20,YO5M,145.76250,-,0.6,,88.5,88.5,023,NN,FM,12.5,"Baja Mare, Vf. Ignis",
21,YO6X,145.77500,-,0.6,,88.5,88.5,023,NN,FM,12.5,"KN15XP, Paltinis Peak",
22,YO2S,145.77500,-,0.6,,88.5,88.5,023,NN,FM,12.5,"Pecica",
23,YO5E,145.78750,-,0.6,,88.5,88.5,023,NN,FM,12.5,"Cluj Napoca, Feleacu Hill",
24,YO5U,438.67500,-,7.6,,88.5,88.5,023,NN,FM,12.5,"Oradea",
25,YO8F,438.70000,-,7.6,Tone,88.5,88.5,023,NN,FM,12.5,"Durau, vf Toaca - Ceahlau",
26,YO9C,438.72500,-,7.6,,88.5,88.5,023,NN,FM,12.5,"Sinaia, Bucegi Mts",
27,,438.75000,-,7.6,Tone,103.5,103.5,023,NN,FM,12.5,"Brasov, Bucegi Mts, Omu Peak",
28,YO8Y,438.80000,-,7.6,Tone,88.5,88.5,023,NN,FM,12.5,"Iasi",
29,YO2A,438.90000,-,7.6,,88.5,88.5,023,NN,FM,12.5,"Caransebes, Tarcu Mtn",
30,YO5PCX,438.95000,-,293.4,,88.5,88.5,023,NN,FM,12.5,"Oradea",
31,YO2Z,438.95000,-,7.6,Tone,88.5,88.5,023,NN,FM,12.5,"Timisoara",
32,YO5V,438.97500,-,7.6,,88.5,88.5,023,NN,FM,12.5,"Vf. Vladeasa",
33,YO5C,439.00000,-,7.6,Tone,103.5,103.5,023,NN,FM,12.5,"Carei ",
34,YO3A,439.02500,-,7.6,Tone,192.8,192.8,023,NN,FM,12.5,"Bucharest, Lakeview Building ",
35,YO3KXL,439.10000,-,7.6,Tone,103.5,123.0,023,NN,FM,12.5,"Bucharest, Lion",
36,YO7KFA,439.10000,-,7.6,Tone,103.5,103.5,023,NN,FM,12.5,"Pitesti, Stadium",
37,YO6A,439.20000,-,7.6,,88.5,88.5,023,NN,FM,12.5,"Miercurea-Ciuc",
38,YO2L,439.30000,-,7.6,,88.5,88.5,023,NN,FM,12.5,"Beius",
39,YO2KCB-3,439.32500,-,7.6,,88.5,88.5,023,NN,FM,12.5,"Vf. Semenic",
40,YO2LIS,439.40000,-,7.6,,88.5,88.5,023,NN,FM,12.5,"Arad",
41,YO2G,439.45000,-,7.6,,88.5,88.5,023,NN,FM,12.5,"Vf. Parang",
42,YO6OFL,439.80000,-,9.4,,88.5,88.5,023,NN,FM,12.5,"Targu Mures",
