Location,Name,Frequency,Duplex,Offset,Tone,rToneFreq,cToneFreq,DtcsCode,DtcsPolarity,Mode,TStep,Comment
1,OM0OVV,145.60000,-,0.6,Tone,77.0,77.0,023,NN,FM,12.5,"Bratislava, Kamzik",
2,OM0ONM,145.60000,-,0.6,Tone,1750,1750,023,NN,FM,12.5,"Michalovce",
3,OM0OVT,145.65000,-,0.6,Tone,88.5,88.5,023,NN,FM,12.5,"Makovica",
4,OM0OVY,145.67500,-,0.6,Tone,1750,1750,023,NN,FM,12.5,"Rudnik",
5,OM0OVU,145.72500,-,0.6,Tone,67.0,67.0,023,NN,FM,12.5,"Krizava",
6,OM0OVR,145.75000,-,0.6,Tone,1750,1750,023,NN,FM,12.5,"Kralova Hola",
7,OM0OVQ,145.76250,-,0.6,Tone,77.0,77.0,023,NN,FM,12.5,"Velka Javorina",
8,OM0OVW,145.77500,-,0.6,Tone,1750,1750,023,NN,FM,12.5,"Skalka",
9,OM0ODB,438.32500,-,7.6,,88.5,88.5,23,NN,DV,12.5,"Bratislava, Slavin",
10,OM0OAA,438.62500,-,7.6,Tone,67.0,67.0,023,NN,FM,12.5,"Zilina Snoh",
11,OM0OUJ,438.87500,-,7.6,Tone,77.0,77.0,023,NN,FM,12.5,"Velka Javorina",
12,OM0OAE,438.92500,-,7.6,Tone,67.0,67.0,23,NN,DV,12.5,"Zilina - Snoh (Hradisko)",
13,OM0OUL,438.97500,-,7.6,Tone,88.5,88.5,023,NN,FM,12.5,"Lucenec",
14,OM0OUW,438.97500,-,7.6,DTCS,88.5,88.5,073,NN,FM,12.5,"Snina, Sterbna",
15,OM0OUS,439.02500,-,7.6,,88.5,88.5,023,NN,FM,12.5,"Stara Lubovna - Hrad",
16,OM0OUK,439.05000,-,7.6,DTCS,88.5,88.5,073,NN,FM,12.5,"Kojsovska Hola",
17,OM0OUP,439.10000,-,7.6,Tone,88.5,88.5,023,NN,FM,12.5,"Presov - Finticka Straz",
18,OM0OUT,439.10000,-,7.6,Tone,88.5,88.5,023,NN,FM,12.5,"Trencin - Hrad",
19,OM0OUE,439.15000,-,7.6,,88.5,88.5,023,NN,FM,12.5,"Kosice",
20,OM0OUE,439.15000,-,7.6,DTCS,88.5,88.5,073,NN,FM,12.5,"Kosice",
21,OM0OUX,439.15000,-,7.6,Tone,77.0,77.0,023,NN,FM,12.5,"Sitno",
22,OM0OUG,439.17500,-,7.6,Tone,88.5,88.5,023,NN,FM,12.5,"Galanta",
23,OM0OUV,439.20000,-,7.6,,88.5,88.5,023,NN,FM,12.5,"Martin, Klacianska Magura",
24,OM0OET,439.22500,-,7.6,Tone,77.0,77.0,023,NN,FM,12.5,"Nove Zamky",
25,OM0OUZ,439.25000,-,7.6,Tone,88.5,88.5,023,NN,FM,12.5,"Zvolen",
26,OM0OUH,439.27500,-,7.6,Tone,88.5,88.5,023,NN,FM,12.5,"B. Bystrica - Vartovka",
27,OM0OUN,439.30000,-,7.6,Tone,88.5,88.5,023,NN,FM,12.5,"Velky Inovec",
28,OM0OUB,439.32500,-,7.6,Tone,77.0,77.0,023,NN,FM,12.5,"Bratislava, Kamzik",
29,OM0OUR,439.47500,-,7.6,Tone,88.5,88.5,023,NN,FM,12.5,"Trnava",
