Location,Name,Frequency,Duplex,Offset,Tone,rToneFreq,cToneFreq,DtcsCode,DtcsPolarity,Mode,TStep,Comment
1,UR0DVC,145.62500,-,0.6,,88.5,88.5,023,NN,FM,12.5,"UZHGOROD"
2,UR0UVA ,145.67500,-,0.6,Tone,74.4,74.4,023,NN,FM,12.5,"Kyiv"
3,UR0DVA,145.67500,-,0.6,Tone,103.5,103.5,023,NN,FM,12.5,"UZHGOROD"
4,UR0DVB,145.75000,-,0.6,Tone,97.4,97.4,023,NN,FM,12.5,"ROKOSOVO"
5,UR0DUC,433.43750,,0.6,,88.5,88.5,23,NN,DV,12.5,"VINOGRADOV"
6,UR0DMM,438.65000,-,7.6,,88.5,88.5,023,NN,FM,12.5,"Polonyna Rivna moun"
7,UR0UUB,438.70000,-,7.6,,88.5,88.5,023,NN,FM,12.5,"Kyiv"
8,UR0DUB,439.22500,-,7.6,,88.5,88.5,23,NN,DV,12.5,"MUKACHEVO"
9,UR0DUD,439.27500,-,7.6,,88.5,88.5,23,NN,DV,12.5,"ROKOSOVO"
10,UR0DMS,439.32500,-,7.6,Tone,173.8,173.8,023,NN,FM,12.5,"Rokosovo"
11,UR0DUA,439.32500,-,7.6,,88.5,88.5,23,NN,DV,12.5,"UZHGOROD"
12,UR0DMR,439.35000,-,7.6,Tone,173.8,173.8,023,NN,FM,12.5,"Uschhorod"
13,UR0UUA,439.37500,-,7.6,Tone,67.0,67.0,023,NN,FM,12.5,"Kyiv"
