Location,Name,Frequency,Duplex,Offset,Tone,rToneFreq,cToneFreq,DtcsCode,DtcsPolarity,Mode,TStep,Comment
1,SK0CT,29.62000,-,0.1,Tone,77.0,77.0,023,NN,FM,12.5,"Solna",
2,SK6RFQ,29.68000,-,0.1,Tone,114.8,114.8,023,NN,FM,12.5,"Goeteborg",
3,SK7RGI,29.68000,-,0.1,,88.5,88.5,023,NN,FM,12.5,"Joenkoeping",
4,SK2RME,29.68000,-,0.1,Tone,67.0,67.0,023,NN,FM,12.5,"Piteaa",
5,SM6VBT,29.69000,-,0.1,Tone,118.8,118.8,023,NN,FM,12.5,"Moelndal",
6,SD6GB,51.53000,,0.1,,88.5,88.5,23,NN,DV,12.5,"Saevedalen",
7,SE0E,51.81000,-,0.6,,88.5,88.5,023,NN,FM,12.5,"Saltsjoebo",
8,SM5YMS,51.83000,-,0.6,,88.5,88.5,023,NN,FM,12.5,"Linkoeping",
9,SK7REE,51.85000,-,0.6,Tone,79.7,79.7,023,NN,FM,12.5,"Helsingborg",
10,SK7RIH,51.91000,-,0.6,,88.5,88.5,023,NN,FM,12.5,"Oskarshamn",
11,SK2HG,51.95000,-,0.6,Tone,100.0,100.0,023,NN,FM,12.5,"Kalix",
12,SK0RYG,51.97000,-,0.6,Tone,77.0,77.0,023,NN,FM,12.5,"Upplandsvaesby",
13,SM6FZG,144.55000,,0.6,Tone,146.2,146.2,023,NN,FM,12.5,"Goeteborg, Skaarsjoen",
14,N/A,144.55000,,0.6,Tone,127.3,127.3,023,NN,FM,12.5,"Oesterfaernebo",
15,SK7RRV C,144.81250,,0.6,,88.5,88.5,23,NN,DV,12.5,"Lonsboda",
16,SE3XCH,144.86250,,0.6,,88.5,88.5,23,NN,DV,12.5,"Sundsvall, Nolbykullen",
17,SK4AV,145.20000,,0.6,,88.5,88.5,023,NN,FM,12.5,"Filipstad, Klockarhoejden",
18,SK4RJJ,145.22500,,0.6,Tone,74.4,74.4,023,NN,FM,12.5,"Hagfors, Vaermullsaasen",
19,SG5UM,145.23750,,0.6,,88.5,88.5,23,NN,DV,12.5,"Flen, Oeja",
20,SK3GA,145.23750,,0.6,,88.5,88.5,23,NN,DV,12.5,"Hudiksvall",
21,SG0YOS,145.23750,,0.6,,88.5,88.5,23,NN,DV,12.5,"Lilla Essingen",
22,SG6BWX,145.28750,,0.6,,88.5,88.5,23,NN,DV,12.5,"Boraas",
23,SK4RJJ,145.28750,,0.6,Tone,74.4,74.4,023,NN,FM,12.5,"Torsby, Hovfjaellet",
24,SM6YRB,145.30000,,0.6,Tone,118.8,118.8,023,NN,FM,12.5,"Lidkoeping, Kollands�",
25,SK7DX,145.30000,,0.6,,88.5,88.5,023,NN,FM,12.5,"Malmoe",
26,SM6CYJ,145.32500,,0.6,Tone,71.9,71.9,023,NN,FM,12.5,"Goetene",
27,,145.32500,+,0.025,,88.5,88.5,023,NN,FM,12.5,"Nyhammar",
28,SG5TAH,145.33750,,0.025,,88.5,88.5,23,NN,DV,12.5,"Flen, Orrhammar",
29,SG4UOF,145.33750,,0.025,,88.5,88.5,23,NN,DV,12.5,"Glanshammar",
30,SG6JWU,145.33750,,0.025,,88.5,88.5,23,NN,DV,12.5,"Halmstad",
31,SG0BON,145.33750,,0.025,,88.5,88.5,23,NN,DV,12.5,"Haninge",
32,N/A,145.35000,,0.025,,88.5,88.5,023,NN,FM,12.5,"Gr�ngesberg",
33,SA0AMO,145.36250,,0.025,,88.5,88.5,23,NN,DV,12.5,"Stockholm, Aakersberga ",
34,SM0R,145.36250,,0.025,,88.5,88.5,23,NN,DV,12.5,"Stockholm, Bandhagen",
35,SK6EP,145.36250,,0.025,,88.5,88.5,23,NN,DV,12.5,"Varberg",
36,SG4YPG,145.38750,,0.025,,88.5,88.5,23,NN,DV,12.5,"Borlaenge",
37,SG4BYH,145.38750,,0.025,,88.5,88.5,23,NN,DV,12.5,"Karlstad",
38,SM7TYU,145.40000,,0.025,,88.5,88.5,023,NN,FM,12.5,"Naessjoe",
39,SA5BZU,145.41250,,0.025,Tone,82.5,82.5,023,NN,FM,12.5,"Aatvidaberg",
40,SG4AXV,145.42500,,0.025,,88.5,88.5,23,NN,DV,12.5,"Ekshaerad",
41,SM7KUY,145.42500,,0.025,Tone,79.7,79.7,023,NN,FM,12.5,"Hosaby",
42,SM5RVH,145.45000,,0.025,Tone,103.5,103.5,023,NN,FM,12.5,"Nykoeping",
43,SK7BQ,145.53750,-,0.6,Tone,79.7,79.7,023,NN,FM,12.5,"Kristianstad",
44,SK7RDS,145.56875,-,0.6,,88.5,88.5,23,NN,DV,12.5,"Malmoe",
45,SG4JPK,145.57500,-,0.6,,88.5,88.5,23,NN,DV,12.5,"Kil",
46,SK7RMQ,145.57500,-,0.6,,88.5,88.5,23,NN,DV,12.5,"Linderoed",
47,SK6IF,145.57500,-,0.6,,88.5,88.5,23,NN,DV,12.5,"Lysekil",
48,SG4TYA,145.57500,-,0.6,,88.5,88.5,23,NN,DV,12.5,"Mora",
49,SL5ZYT,145.57500,-,0.6,,88.5,88.5,23,NN,DV,12.5,"Norrkoeping",
50,SK3WH,145.57500,-,0.6,,88.5,88.5,23,NN,DV,12.5,"Oernskoeldsvik",
51,SK3XX,145.57500,-,0.6,,88.5,88.5,23,NN,DV,12.5,"Soederhamn",
52,SG5BUM,145.57500,-,0.6,,88.5,88.5,23,NN,DV,12.5,"Torshaella",
53,SK3RET,145.58750,-,0.6,,88.5,88.5,23,NN,DV,12.5,"Bollnaes",
54,SK7RNQ,145.58750,-,0.6,,88.5,88.5,23,NN,DV,12.5,"Gladsax",
55,SK6RKI,145.58750,-,0.6,,88.5,88.5,23,NN,DV,12.5,"Goeteborg",
56,SC5SLU,145.58750,-,0.6,,88.5,88.5,23,NN,DV,12.5,"Uppsala",
57,SK3KH,145.60000,-,0.6,Tone,127.3,127.3,023,NN,FM,12.5,"Alfta",
58,SK7CA,145.60000,-,0.6,Tone,79.7,79.7,023,NN,FM,12.5,"Algutsrum, Oeland",
59,SK3RMX,145.60000,-,0.6,,88.5,88.5,023,NN,FM,12.5,"Hoting, Kyrktaasjoe",
60,SK6BA,145.60000,-,0.6,Tone,1750,1750,023,NN,FM,12.5,"Kinna",
61,SK6ROY,145.60000,-,0.6,Tone,114.8,114.8,023,NN,FM,12.5,"Kinnekulle",
62,SK4EA,145.60000,-,0.6,,88.5,88.5,023,NN,FM,12.5,"Kopparberg",
63,SK3IK,145.60000,-,0.6,,88.5,88.5,023,NN,FM,12.5,"Kramfors, Nyland",
64,SK6IF,145.60000,-,0.6,Tone,118.8,118.8,023,NN,FM,12.5,"Lysekil",
65,SK5BN,145.60000,-,0.6,,88.5,88.5,023,NN,FM,12.5,"Norrkoeping, Kolmaarden",
66,SK2RMD,145.60000,-,0.6,,88.5,88.5,023,NN,FM,12.5,"Sorsele",
67,SK7GH,145.60000,-,0.6,Tone,156.7,156.7,023,NN,FM,12.5,"Vaernamo",
68,SL0ZS,145.60000,-,0.6,Tone,1750,1750,023,NN,FM,12.5,"Vaestberga",
69,SK5LW,145.61250,-,0.6,Tone,82.5,82.5,023,NN,FM,12.5,"Eskilstuna, Haellby",
70,SK3YZ,145.61250,-,0.6,Tone,127.3,127.3,023,NN,FM,12.5,"Hassela, Forsa",
71,SI9AM,145.61250,-,0.6,,88.5,88.5,023,NN,FM,12.5,"Utanede",
72,SK7RNQ,145.61250,-,0.6,Tone,79.7,79.7,023,NN,FM,12.5,"Vitaby",
73,SK6RIC,145.62500,-,0.6,Tone,114.8,114.8,023,NN,FM,12.5,"Alingsaas",
74,SK6JX,145.62500,-,0.6,,88.5,88.5,023,NN,FM,12.5,"Falkenberg, Arvidstorp",
75,SK4RGL,145.62500,-,0.6,Tone,85.4,85.4,023,NN,FM,12.5,"Falun",
76,SK4KIL,145.62500,-,0.6,Tone,74.4,74.4,023,NN,FM,12.5,"Kil",
77,SK2RFR,145.62500,-,0.6,,88.5,88.5,023,NN,FM,12.5,"Kiruna",
78,SK3MF,145.62500,-,0.6,,88.5,88.5,023,NN,FM,12.5,"Nordingraa, Raevsoen",
79,SK0RIX,145.62500,-,0.6,,88.5,88.5,023,NN,FM,12.5,"Stockholm, City",
80,SK2RLF,145.62500,-,0.6,,88.5,88.5,023,NN,FM,12.5,"Taernaby",
81,SK3RQC,145.62500,-,0.6,Tone,74.4,74.4,023,NN,FM,12.5,"Vemdalen",
82,SK7IJ,145.62500,-,0.6,Tone,156.7,156.7,023,NN,FM,12.5,"Vetlanda",
83,SK2RYI,145.62500,-,0.6,,88.5,88.5,023,NN,FM,12.5,"Vindeln, Aastraesk",
84,SK6MA,145.63750,-,0.6,,88.5,88.5,023,NN,FM,12.5,"Hjo",
85,SK5BE,145.63750,-,0.6,Tone,82.5,82.5,023,NN,FM,12.5,"Nykoeping",
86,SL6ZAQ,145.63750,-,0.6,Tone,118.8,118.8,023,NN,FM,12.5,"Uddevalla",
87,SK3BR,145.65000,-,0.6,Tone,127.3,127.3,023,NN,FM,12.5,"Bollnaes, Arbraa",
88,SM0RDZ,145.65000,-,0.6,,88.5,88.5,023,NN,FM,12.5,"Brottby",
89,SK2TP,145.65000,-,0.6,,88.5,88.5,023,NN,FM,12.5,"Gaellivare, Malmberget",
90,SK6RFQ,145.65000,-,0.6,Tone,114.8,114.8,023,NN,FM,12.5,"Goeteborg, Guldheden",
91,SK2AZ,145.65000,-,0.6,,88.5,88.5,023,NN,FM,12.5,"Luleaa",
92,SK7HR,145.65000,-,0.6,,88.5,88.5,023,NN,FM,12.5,"Naessjoe",
93,SK4BX,145.65000,-,0.6,,88.5,88.5,023,NN,FM,12.5,"Oerebro",
94,SK3EK,145.65000,-,0.6,,88.5,88.5,023,NN,FM,12.5,"Sollefteaa",
95,SK7REE,145.65000,-,0.6,Tone,79.7,79.7,023,NN,FM,12.5,"Stenestad, Soederaasen",
96,SK2RLJ,145.65000,-,0.6,,88.5,88.5,023,NN,FM,12.5,"Umeaa, Roedberget",
97,SK4WV,145.65000,-,0.6,,88.5,88.5,023,NN,FM,12.5,"Vansbro",
98,SK7RN,145.66250,-,0.6,,88.5,88.5,023,NN,FM,12.5,"Borgholm",
99,SM5YMT,145.66250,-,0.6,,88.5,88.5,023,NN,FM,12.5,"Ljungsbro",
100,SM0MMO,145.66250,-,0.6,Tone,77.0,77.0,023,NN,FM,12.5,"Tullinge",
101,SK6DZ,145.66250,-,0.6,,88.5,88.5,23,NN,DV,12.5,"Vaargaarda",
102,SK2RWJ,145.67500,-,0.6,,88.5,88.5,023,NN,FM,12.5,"Aelvsbyn",
103,SK7REZ,145.67500,-,0.6,Tone,79.7,79.7,023,NN,FM,12.5,"Blentarp, Romelaasen",
104,SM2TBQ,145.67500,-,0.6,Tone,88.5,88.5,023,NN,FM,12.5,"Fatmomakke",
105,SK4HV,145.67500,-,0.6,Tone,114.8,114.8,023,NN,FM,12.5,"Hagfors, Vaermullsaasen",
106,SK6RKG,145.67500,-,0.6,Tone,114.8,114.8,023,NN,FM,12.5,"Halmstad",
107,SK3YZ,145.67500,-,0.6,Tone,74.4,74.4,023,NN,FM,12.5,"Hassela, Forsa",
108,SK0PQ,145.67500,-,0.6,Tone,123.0,123.0,023,NN,FM,12.5,"Kista",
109,SM2KOT,145.67500,-,0.6,,88.5,88.5,023,NN,FM,12.5,"Kristineberg, Hornberget",
110,SK4ROI,145.67500,-,0.6,,88.5,88.5,023,NN,FM,12.5,"Saerna",
111,SK2HG,145.67500,-,0.6,,88.5,88.5,023,NN,FM,12.5,"Seskaroe",
112,SK6RIP,145.67500,-,0.6,,88.5,88.5,023,NN,FM,12.5,"Tanumshede",
113,SM6UXW,145.67500,-,0.6,Tone,118.8,118.8,023,NN,FM,12.5,"Ulricehamn",
114,SK7JD,145.67500,-,0.6,Tone,210.7,210.7,023,NN,FM,12.5,"Vaestervik",
115,SK7HW,145.67500,-,0.6,Tone,156.7,156.7,023,NN,FM,12.5,"Vaexjoe",
116,SK7RYR,145.68750,-,0.6,,88.5,88.5,023,NN,FM,12.5,"Gnosjoe",
117,SK0QO,145.68750,-,0.6,Tone,77.0,77.0,023,NN,FM,12.5,"Haninge",
118,SK4EA,145.68750,-,0.6,Tone,74.4,74.4,023,NN,FM,12.5,"Lindesberg",
119,SK0EN,145.68750,-,0.6,,88.5,88.5,023,NN,FM,12.5,"Norrtaelje",
120,SL7ZXW,145.68750,-,0.6,,88.5,88.5,023,NN,FM,12.5,"Nybro",
121,SK2AT,145.68750,-,0.6,,88.5,88.5,23,NN,DV,12.5,"Umeaa",
122,SK2AU,145.70000,-,0.6,,88.5,88.5,023,NN,FM,12.5,"Arjeplog, Galtispouda",
123,SK6RFP,145.70000,-,0.6,Tone,118.8,118.8,023,NN,FM,12.5,"Billingsfors",
124,SK3RIN,145.70000,-,0.6,,88.5,88.5,023,NN,FM,12.5,"Borgsjoe",
125,SM4EFQ,145.70000,-,0.6,,88.5,88.5,023,NN,FM,12.5,"Filipstad, Storhoejden",
126,SK5RCQ,145.70000,-,0.6,,88.5,88.5,023,NN,FM,12.5,"Kisa",
127,SK0MK,145.70000,-,0.6,,88.5,88.5,023,NN,FM,12.5,"Mariefred",
128,SM6VBT,145.70000,-,0.6,Tone,118.8,118.8,023,NN,FM,12.5,"Moelndal",
129,SM4JDP,145.70000,-,0.6,Tone,118.8,118.8,023,NN,FM,12.5,"Mora",
130,SK7RGM,145.70000,-,0.6,Tone,79.7,79.7,023,NN,FM,12.5,"Olofstroem, Boafallsbacke",
131,SK3GK,145.70000,-,0.6,Tone,127.3,127.3,023,NN,FM,12.5,"Sandviken",
132,SK2AU,145.70000,-,0.6,,88.5,88.5,023,NN,FM,12.5,"Skellefteaa",
133,SK6DK,145.70000,-,0.6,,88.5,88.5,023,NN,FM,12.5,"Varberg",
134,SK3RMG,145.71250,-,0.6,,88.5,88.5,023,NN,FM,12.5,"Bergsjoe",
135,SK0BJ,145.71250,-,0.6,Tone,77.0,77.0,023,NN,FM,12.5,"Nynaeshamn",
136,SK4TL,145.71250,-,0.6,,88.5,88.5,023,NN,FM,12.5,"Oerebro, Aannaboda",
137,SM6XTV,145.71250,-,0.6,Tone,114.8,114.8,023,NN,FM,12.5,"Stenungsund",
138,SK3RNJ,145.72500,-,0.6,,88.5,88.5,023,NN,FM,12.5,"Aare, Aareskutan",
139,SK4RQF,145.72500,-,0.6,,88.5,88.5,023,NN,FM,12.5,"Aarjaeng",
140,SK6HD,145.72500,-,0.6,,88.5,88.5,023,NN,FM,12.5,"Falkoeping",
141,SK2HG,145.72500,-,0.6,,88.5,88.5,023,NN,FM,12.5,"Kalix, Raggdynan",
142,SK6KY,145.72500,-,0.6,,88.5,88.5,023,NN,FM,12.5,"Kungsbacka",
143,SK5AS,145.72500,-,0.6,,88.5,88.5,023,NN,FM,12.5,"Linkoeping",
144,SK7MO,145.72500,-,0.6,,88.5,88.5,023,NN,FM,12.5,"Ljungby",
145,SK4DM,145.72500,-,0.6,,88.5,88.5,023,NN,FM,12.5,"Ludvika",
146,SK7RIH,145.72500,-,0.6,,88.5,88.5,023,NN,FM,12.5,"Oskarshamn",
147,SM0HGS,145.72500,-,0.6,Tone,77.0,77.0,023,NN,FM,12.5,"Skaerholmen",
148,SK2RMR,145.72500,-,0.6,,88.5,88.5,023,NN,FM,12.5,"Storuman",
149,SK3RFG,145.72500,-,0.6,,88.5,88.5,023,NN,FM,12.5,"Sundsvall",
150,SK2RIU,145.72500,-,0.6,,88.5,88.5,023,NN,FM,12.5,"Vaennaes, Granlundsberget",
151,SK5RTG,145.73750,-,0.6,,88.5,88.5,023,NN,FM,12.5,"Arboga, Kolsva",
152,SK5AS,145.73750,-,0.6,Tone,82.5,82.5,023,NN,FM,12.5,"Linkoeping ",
153,SK6GX,145.73750,-,0.6,Tone,114.8,114.8,023,NN,FM,12.5,"Uddevalla",
154,SK5UM,145.75000,-,0.6,Tone,91.5,91.5,023,NN,FM,12.5,"Flen, Vattentornet",
155,SK6RKI,145.75000,-,0.6,Tone,114.8,114.8,023,NN,FM,12.5,"Goeteborg / Hono",
156,SK7RGI,145.75000,-,0.6,,88.5,88.5,023,NN,FM,12.5,"Joenkoeping, Taberg",
157,SK2AU,145.75000,-,0.6,,88.5,88.5,023,NN,FM,12.5,"Joern, Storklinta",
158,SK4RKD,145.75000,-,0.6,,88.5,88.5,023,NN,FM,12.5,"Karlskoga",
159,SK7RFJ,145.75000,-,0.6,,88.5,88.5,023,NN,FM,12.5,"Karlskrona",
160,SM3VAC,145.75000,-,0.6,,88.5,88.5,023,NN,FM,12.5,"Nyland",
161,SK3JR,145.75000,-,0.6,Tone,127.3,127.3,023,NN,FM,12.5,"Oestersund",
162,SK2HG,145.75000,-,0.6,,88.5,88.5,023,NN,FM,12.5,"Oeverkalix",
163,SK4RGO,145.75000,-,0.6,,88.5,88.5,023,NN,FM,12.5,"Orsa, Groenklitt",
164,SK2RUQ,145.75000,-,0.6,,88.5,88.5,023,NN,FM,12.5,"Saxnaes, Marsfjaellet",
165,SK3RYK,145.75000,-,0.6,,88.5,88.5,023,NN,FM,12.5,"Soederhamn",
166,SK5DB,145.75000,-,0.6,Tone,82.5,82.5,023,NN,FM,12.5,"Uppsala",
167,SK7RBK,145.76250,-,0.6,,88.5,88.5,023,NN,FM,12.5,"Haessleholm, Bjaernum",
168,SK7RMV,145.76250,-,0.6,,88.5,88.5,023,NN,FM,12.5,"Hultsfred, Vimmerby",
169,SL5ZAM,145.76250,-,0.6,,88.5,88.5,023,NN,FM,12.5,"Motala",
170,SK3GY,145.76250,-,0.6,,88.5,88.5,23,NN,DV,12.5,"Sandviken",
171,SM0OFV,145.76250,-,0.6,Tone,123.0,123.0,023,NN,FM,12.5,"Solna",
172,SK4NI,145.76250,-,0.6,,88.5,88.5,23,NN,DV,12.5,"Tossebergsklaetten",
173,SK6DW,145.76250,-,0.6,Tone,114.8,114.8,023,NN,FM,12.5,"Trollhaettan",
174,SK6LK,145.77500,-,0.6,Tone,114.8,114.8,023,NN,FM,12.5,"Boraas",
175,SK7UO,145.77500,-,0.6,,88.5,88.5,023,NN,FM,12.5,"Emmaboda",
176,SK7REP,145.77500,-,0.6,,88.5,88.5,023,NN,FM,12.5,"Hardeberga ",
177,SK3GA,145.77500,-,0.6,,88.5,88.5,023,NN,FM,12.5,"Hudiksvall",
178,SK6RUY,145.77500,-,0.6,,88.5,88.5,023,NN,FM,12.5,"Hyltebruk",
179,SK4RUV,145.77500,-,0.6,Tone,85.4,85.4,023,NN,FM,12.5,"Leksand",
180,SK3RKL,145.77500,-,0.6,,88.5,88.5,023,NN,FM,12.5,"Oernskoeldsvik, Rutberget",
181,SK4RJJ,145.77500,-,0.6,Tone,74.4,74.4,023,NN,FM,12.5,"Sunne, Blaabaerskullen",
182,SK5RHQ,145.77500,-,0.6,Tone,82.5,82.5,023,NN,FM,12.5,"Vaesteraas",
183,SK1BL,145.77500,-,0.6,Tone,218.1,218.1,023,NN,FM,12.5,"Visby",
184,SK0RYG,145.78750,-,0.6,Tone,77.0,77.0,023,NN,FM,12.5,"Aakersberga",
185,SK6GO,145.78750,-,0.6,Tone,114.8,114.8,023,NN,FM,12.5,"Goeteborg",
186,SK7OL,145.78750,-,0.6,Tone,79.7,79.7,023,NN,FM,12.5,"Hallandsaasen",
187,SK7RVZ,145.78750,-,0.6,,88.5,88.5,023,NN,FM,12.5,"Joenkoeping, Huskvarna",
188,SK5RLZ,145.78750,-,0.6,,88.5,88.5,023,NN,FM,12.5,"Katrineholm",
189,SK3JR,145.78750,-,0.6,Tone,127.3,127.3,023,NN,FM,12.5,"Oestersund, Brattaasen",
190,SG5RVH,432.51250,,0.6,,88.5,88.5,23,NN,DV,12.5,"Nykoeping",
191,SE3XCH,433.01250,,0.6,,88.5,88.5,23,NN,DV,12.5,"Sundsvall, Nolbykullen",
192,SG4AXQ,433.20000,,0.6,,88.5,88.5,23,NN,DV,12.5,"Sunne",
193,SG6RHB,433.42500,,0.6,,88.5,88.5,23,NN,DV,12.5,"Halmstad",
194,SK0AI,433.46250,,0.6,,88.5,88.5,23,NN,DV,12.5,"Segeltorp",
195,SA6RP,433.47500,,0.6,,88.5,88.5,023,NN,FM,12.5,"Floda",
196,SK4AV,433.47500,,0.6,Tone,88.5,88.5,023,NN,FM,12.5,"Karlstad, Oersholmen",
197,SK7JL,433.47500,,0.6,,88.5,88.5,23,NN,DV,12.5,"Tving",
198,SM0R,433.48750,,0.6,,88.5,88.5,23,NN,DV,12.5,"Stockholm, Bandhagen",
199,SE6H   B,433.52500,,0.6,,88.5,88.5,23,NN,DV,12.5,"Goeteborg, Lunden",
200,SE0YOS,433.53750,,0.6,,88.5,88.5,23,NN,DV,12.5,"M/Y Erika",
201,SG6ZDO,433.57500,,0.6,,88.5,88.5,23,NN,DV,12.5,"Sjoevik",
202,SB0X,433.57500,,0.6,,88.5,88.5,23,NN,DV,12.5,"Stockholm, Upplands Vaesby",
203,SM6XIN,434.12500,,0.6,Tone,118.8,118.8,023,NN,FM,12.5,"Lundsbrunn",
204,SK0MM,434.22500,,0.6,Tone,91.5,91.5,023,NN,FM,12.5,"Gustavsberg",
205,SK0MM,434.37500,,0.6,Tone,91.5,91.5,023,NN,FM,12.5,"Sandhamn",
206,SA5RG,434.41250,,0.6,,88.5,88.5,23,NN,DV,12.5,"Katrineholm ",
207,SD6GB,434.46250,,0.6,,88.5,88.5,23,NN,DV,12.5,"Saevedalen",
208,SM0UAO,434.48750,,0.6,Tone,91.5,91.5,023,NN,FM,12.5,"Kopparmora",
209,SK7DS,434.51250,-,2,,88.5,88.5,23,NN,DV,12.5,"Glumsloev",
210,SK6SA,434.51250,-,2,,88.5,88.5,23,NN,DV,12.5,"Goeteborg",
211,SK2RGJ,434.51250,-,2,,88.5,88.5,023,NN,FM,12.5,"Kiruna",
212,SM0RMQ,434.51250,-,2,,88.5,88.5,023,NN,FM,12.5,"Stockholm",
213,SA5RG,434.52500,-,2,,88.5,88.5,23,NN,DV,12.5,"Katrineholm ",
214,SA5BCG,434.52500,-,2,Tone,82.5,82.5,023,NN,FM,12.5,"Knivsta",
215,SK7RPQ,434.52500,-,2,,88.5,88.5,23,NN,DV,12.5,"Kristianstad",
216,SK7ES,434.52500,,2,,88.5,88.5,23,NN,DV,12.5,"Malmoe",
217,SK3XX,434.52500,-,2,,88.5,88.5,23,NN,DV,12.5,"Soederhamn",
218,SK6QA,434.53750,-,2,,88.5,88.5,23,NN,DV,12.5,"Stenungsund",
219,SK0NN,434.53750,-,2,,88.5,88.5,023,NN,FM,12.5,"Stockholm, Soedertoern",
220,SK3KH,434.55000,-,2,,88.5,88.5,23,NN,DV,12.5,"Alfta",
221,SM6TKT,434.55000,-,2,,88.5,88.5,023,NN,FM,12.5,"Boraas",
222,SG4UZM,434.55000,,2,,88.5,88.5,23,NN,DV,12.5,"Borlaenge",
223,SG3IVF,434.55000,,2,,88.5,88.5,23,NN,DV,12.5,"Enafors",
224,SK5UM,434.55000,-,2,,88.5,88.5,23,NN,DV,12.5,"Flen, Vattentornet",
225,SG7DMR,434.55000,-,2,,88.5,88.5,023,NN,FM,12.5,"Skane",
226,SK3JR,434.56250,-,2,,88.5,88.5,23,NN,DV,12.5,"Oestersund",
227,SK0MQ,434.56250,-,2,,88.5,88.5,023,NN,FM,12.5,"Stockholm, Taeby",
228,SL6ZAQ,434.56250,-,2,,88.5,88.5,23,NN,DV,12.5,"Uddevalla",
229,SK7RQX,434.57500,-,2,,88.5,88.5,23,NN,DV,12.5,"Hallandsaasen",
230,SK0QO,434.57500,-,2,,88.5,88.5,23,NN,DV,12.5,"Haninge",
231,SK3LH,434.57500,-,2,,88.5,88.5,23,NN,DV,12.5,"Oernskoeldsvik, Malmoen",
232,SK7RJL,434.58750,-,2,,88.5,88.5,023,NN,FM,12.5,"Lund",
233,SG6APY,434.58750,-,2,,88.5,88.5,23,NN,DV,12.5,"Skara",
234,SA6BSN,434.60000,-,2,,88.5,88.5,023,NN,FM,12.5,"Aamaal",
235,SK7CA,434.60000,-,2,Tone,79.7,79.7,023,NN,FM,12.5,"Algutsrum, Oeland",
236,SA6AEG,434.60000,-,1.6,,88.5,88.5,023,NN,FM,12.5,"Falkoeping",
237,SK6RFQ,434.60000,-,2,Tone,114.8,114.8,023,NN,FM,12.5,"Goeteborg, Guldheden",
238,SK7GH,434.60000,-,2,,88.5,88.5,023,NN,FM,12.5,"Hillerstorp",
239,SM3XRJ,434.60000,-,2,,88.5,88.5,023,NN,FM,12.5,"Kramfors, Bjoerstaberget ",
240,SK7BQ,434.60000,-,2,,88.5,88.5,023,NN,FM,12.5,"Kristianstad",
241,SK5BN,434.60000,-,2,,88.5,88.5,023,NN,FM,12.5,"Norrkoeping, Oestra Eneby",
242,SK2RME,434.60000,-,1.6,,88.5,88.5,023,NN,FM,12.5,"Piteaa",
243,SM0WHP,434.60000,-,2,,88.5,88.5,023,NN,FM,12.5,"Sollentuna",
244,SK6RIC,434.62500,-,2,Tone,114.8,114.8,023,NN,FM,12.5,"Alingsaas",
245,SK4AO,434.62500,-,2,,88.5,88.5,023,NN,FM,12.5,"Falun",
246,SK0CT,434.62500,-,2,Tone,77.0,77.0,023,NN,FM,12.5,"Kista",
247,SK4RPK,434.62500,-,2,,88.5,88.5,023,NN,FM,12.5,"Torsby, Valberget",
248,SK7IJ,434.62500,-,2,Tone,156.7,156.7,023,NN,FM,12.5,"Vetlanda",
249,SA7CDA,434.63750,-,2,Tone,79.7,79.7,023,NN,FM,12.5,"Simrishamn",
250,SM3LEI,434.65000,+,1.6,Tone,88.5,88.5,023,NN,FM,12.5,"Aarsunda",
251,SK3BR,434.65000,-,2,Tone,127.3,127.3,023,NN,FM,12.5,"Bollnaes, Arbraa",
252,SM0WAJ,434.65000,-,2,,88.5,88.5,023,NN,FM,12.5,"Johanneshov",
253,SK4BX,434.65000,-,1.6,,88.5,88.5,023,NN,FM,12.5,"Oerebro",
254,SK3EK,434.65000,-,1.6,,88.5,88.5,023,NN,FM,12.5,"Sollefteaa",
255,SK7REE,434.65000,-,2,,88.5,88.5,023,NN,FM,12.5,"Stenestad, Soederaasen",
256,SK7RNO,434.67500,-,2,,88.5,88.5,023,NN,FM,12.5,"Borgholm, Koepingsvik",
257,SK3RQE,434.67500,-,2,Tone,127.3,127.3,023,NN,FM,12.5,"Hassela, Forsa",
258,SM4JDP,434.67500,-,2,Tone,71.9,71.9,023,NN,FM,12.5,"Mora",
259,SK2AT,434.67500,-,2,Tone,67.0,67.0,023,NN,FM,12.5,"Nordmaling",
260,SM6UXW,434.67500,-,2,Tone,118.8,118.8,023,NN,FM,12.5,"Ulricehamn",
261,SK0RYG,434.67500,-,2,Tone,77.0,77.0,023,NN,FM,12.5,"Upplandsvaesby",
262,SM5USM,434.67500,-,2,,88.5,88.5,023,NN,FM,12.5,"Vingaaker",
263,SK0MG,434.68750,-,2,Tone,77.0,77.0,023,NN,FM,12.5,"Stockholm, Fru",
264,SK4RWP,434.70000,-,2,,88.5,88.5,023,NN,FM,12.5,"Kristinehamn",
265,SA6APY,434.70000,-,2,Tone,118.8,118.8,023,NN,FM,12.5,"Lidkoeping",
266,SM7XCO,434.70000,-,2,Tone,79.7,79.7,023,NN,FM,12.5,"Lyby",
267,SM6VBT,434.70000,-,2,Tone,118.8,118.8,023,NN,FM,12.5,"Moelndal",
268,SK3GK,434.70000,-,2,Tone,127.3,127.3,023,NN,FM,12.5,"Sandviken",
269,SK2AU,434.70000,-,2,,88.5,88.5,023,NN,FM,12.5,"Skellefteaa",
270,SK0MT,434.70000,+,1.6,,88.5,88.5,023,NN,FM,12.5,"Stockholm, Taeby",
271,SK5RHQ,434.70000,-,2,,88.5,88.5,023,NN,FM,12.5,"Vaesteraas",
272,SK7HW,434.70000,-,2,,88.5,88.5,23,NN,DV,12.5,"Vaexjoe",
273,SK6DK,434.70000,-,1.6,,88.5,88.5,023,NN,FM,12.5,"Varberg",
274,SM7NTJ,434.72500,-,2,,88.5,88.5,023,NN,FM,12.5,"Aneby",
275,SK4IL,434.72500,-,2,Tone,74.4,74.4,023,NN,FM,12.5,"Grums",
276,SL3ZB,434.72500,-,2,,88.5,88.5,023,NN,FM,12.5,"Haernoesand, Aelandsbro",
277,SM0YIX,434.72500,+,1.6,,88.5,88.5,023,NN,FM,12.5,"Haninge",
278,SK2HG,434.72500,-,2,,88.5,88.5,023,NN,FM,12.5,"Kalix, Watertower",
279,SK6KY,434.72500,-,2,,88.5,88.5,023,NN,FM,12.5,"Kungsbacka",
280,SK5LF,434.72500,-,2,Tone,82.5,82.5,023,NN,FM,12.5,"Linkoeping, Majelden",
281,SK4DM,434.72500,-,1.6,,88.5,88.5,023,NN,FM,12.5,"Ludvika",
282,SK7RIH,434.72500,-,2,,88.5,88.5,023,NN,FM,12.5,"Oskarshamn",
283,SK0CT,434.72500,-,2,Tone,77.0,77.0,023,NN,FM,12.5,"Solna",
284,SM6MFA,434.72500,-,2,,88.5,88.5,023,NN,FM,12.5,"Vaenersborg",
285,SK2RIU,434.72500,-,2,,88.5,88.5,023,NN,FM,12.5,"Vaennaes, Granlundsberget",
286,SA6BXG,434.73750,-,2,,88.5,88.5,023,NN,FM,12.5,"Romelanda",
287,SK6DQ,434.75000,-,2,,88.5,88.5,023,NN,FM,12.5,"Aelvaengen",
288,SK5UM,434.75000,-,2,Tone,91.5,91.5,023,NN,FM,12.5,"Flen, Oeja",
289,SL6BH,434.75000,-,2,Tone,114.8,114.8,023,NN,FM,12.5,"Halmstad",
290,SK0QO,434.75000,-,2,Tone,77.0,77.0,023,NN,FM,12.5,"Haninge",
291,SK7RGI,434.75000,-,1.6,,88.5,88.5,023,NN,FM,12.5,"Joenkoeping",
292,SK2RJH,434.75000,-,2,,88.5,88.5,023,NN,FM,12.5,"Kalix, Raggdynan",
293,SK7FK,434.75000,-,2,,88.5,88.5,023,NN,FM,12.5,"Karlskrona",
294,SK3RIA,434.75000,-,2,Tone,127.3,127.3,023,NN,FM,12.5,"Oestersund",
295,SK4RGO,434.75000,-,1.6,,88.5,88.5,023,NN,FM,12.5,"Orsa, Groenklitt",
296,SK3RYK,434.75000,-,1.6,,88.5,88.5,023,NN,FM,12.5,"Soederhamn",
297,SM2NLD,434.75000,-,1.6,,88.5,88.5,023,NN,FM,12.5,"Storuman",
298,SK5DB,434.75000,-,2,Tone,82.5,82.5,023,NN,FM,12.5,"Uppsala",
299,SK0RYG,434.76250,-,2,,88.5,88.5,023,NN,FM,12.5,"Upplandsvaesby",
300,SK4RWQ,434.77500,-,2,,88.5,88.5,023,NN,FM,12.5,"Arvika, Valfjaellet",
301,SK0NN,434.77500,-,2,,88.5,88.5,023,NN,FM,12.5,"Haninge",
302,SK3GA,434.77500,-,1.6,,88.5,88.5,023,NN,FM,12.5,"Hudiksvall",
303,SM2KXX,434.77500,-,1.6,,88.5,88.5,023,NN,FM,12.5,"Lycksele",
304,SK7REP,434.77500,-,2,,88.5,88.5,023,NN,FM,12.5,"Malmoe",
305,SK3RKL,434.77500,-,2,,88.5,88.5,023,NN,FM,12.5,"Oernskoeldsvik",
306,SK5RHQ,434.77500,-,2,Tone,82.5,82.5,023,NN,FM,12.5,"Vaesteraas",
307,SK6RBS,434.80000,-,2,,88.5,88.5,023,NN,FM,12.5,"Boraas",
308,SK4RVN,434.80000,-,2,Tone,74.4,74.4,023,NN,FM,12.5,"Borlaenge",
309,SA0AZT,434.80000,-,2,Tone,77.0,77.0,023,NN,FM,12.5,"Brottby",
310,SM5YMS,434.80000,-,2,,88.5,88.5,023,NN,FM,12.5,"Linkoeping",
311,SK6IF,434.80000,-,2,Tone,118.8,118.8,023,NN,FM,12.5,"Lysekil",
312,SK3BG,434.80000,-,2,,88.5,88.5,23,NN,DV,12.5,"Sundsvall",
313,SM7GYT,434.81250,-,2,Tone,88.5,88.5,023,NN,FM,12.5,"Esloev",
314,SA6RP,434.82500,-,2,,88.5,88.5,023,NN,FM,12.5,"Bjoerboholm",
315,SK3GW,434.82500,-,2,Tone,127.3,127.3,023,NN,FM,12.5,"Gaevle",
316,SK2RFR,434.82500,-,2,,88.5,88.5,023,NN,FM,12.5,"Kiruna",
317,SM7LNT,434.82500,-,2,Tone,79.7,79.7,023,NN,FM,12.5,"Moerrum",
318,SK6EI,434.82500,-,2,Tone,114.8,114.8,023,NN,FM,12.5,"Skoevde",
319,SM5DWC,434.82500,-,2,Tone,77.0,77.0,023,NN,FM,12.5,"Soedertaelje",
320,SK6RWO,434.82500,-,1.6,,88.5,88.5,023,NN,FM,12.5,"Stroemstad",
321,SK4UH,434.85000,-,2,,88.5,88.5,023,NN,FM,12.5,"Avesta",
322,SK7EM,434.85000,-,2,Tone,79.7,79.7,023,NN,FM,12.5,"Blentarp, Romelaasen",
323,SK5LW,434.85000,-,2,Tone,82.5,82.5,023,NN,FM,12.5,"Eskilstuna, Haellby",
324,SK4KS,434.85000,-,2,,88.5,88.5,023,NN,FM,12.5,"Karlstad, Kronoparken",
325,SM4JDP,434.85000,-,2,,88.5,88.5,023,NN,FM,12.5,"Mora",
326,SK7RFH,434.85000,-,2,,88.5,88.5,023,NN,FM,12.5,"Naessjoe",
327,SK3MF,434.85000,-,2,,88.5,88.5,023,NN,FM,12.5,"Nordingraa, Raevsoen",
328,SK0ZA,434.85000,-,2,Tone,123.0,123.0,023,NN,FM,12.5,"Stockholm",
329,SK6DZ,434.85000,-,2,Tone,118.8,118.8,023,NN,FM,12.5,"Vaargaarda",
330,SM0WIU,434.87500,-,2,Tone,77.0,77.0,023,NN,FM,12.5,"Botkyrka",
331,SM7YWE,434.87500,-,2,Tone,79.7,79.7,023,NN,FM,12.5,"Karlskrona",
332,SM5DWC,434.87500,-,2,Tone,82.5,82.5,023,NN,FM,12.5,"Linkoeping",
333,SK3WH,434.87500,-,1.6,,88.5,88.5,023,NN,FM,12.5,"Oernskoeldsvik",
334,SK6DW,434.87500,-,2,,88.5,88.5,023,NN,FM,12.5,"Trollhaettan",
335,SK0RPF,434.88750,-,2,,88.5,88.5,023,NN,FM,12.5,"Sigtuna",
336,SK5RTG,434.90000,-,2,,88.5,88.5,023,NN,FM,12.5,"Arboga, Kolsva",
337,SK7RN,434.90000,-,2,,88.5,88.5,023,NN,FM,12.5,"Boeda, Norra Oeland",
338,SK4BW,434.90000,-,2,,88.5,88.5,23,NN,DV,12.5,"Borlaenge",
339,SK6RPE,434.90000,-,2,Tone,123.0,123.0,023,NN,FM,12.5,"Kungaelv ",
340,SK5AS,434.90000,-,2,Tone,82.5,82.5,023,NN,FM,12.5,"Linkoeping",
341,SK3RAL,434.90000,-,1.6,,88.5,88.5,023,NN,FM,12.5,"Ljusdal",
342,SK7RRV,434.90000,-,1.6,,88.5,88.5,023,NN,FM,12.5,"Loensboda",
343,SK6QW,434.90000,-,2,,88.5,88.5,023,NN,FM,12.5,"Mariestad, Katrinefors",
344,SK0EN,434.90000,-,2,,88.5,88.5,023,NN,FM,12.5,"Norrtaelje",
345,SL0ZS,434.90000,-,2,Tone,1750,1750,023,NN,FM,12.5,"Vaestberga",
346,SA7BIK,434.91250,-,2,,88.5,88.5,023,NN,FM,12.5,"Malmoehus-M",
347,SA6AR,434.92500,-,2,,88.5,88.5,023,NN,FM,12.5,"Angered",
348,SK5BN,434.92500,-,2,Tone,107.2,107.2,023,NN,FM,12.5,"Finspaang",
349,SL5ZO,434.92500,-,2,,88.5,88.5,023,NN,FM,12.5,"Finspng",
350,SK3GY,434.92500,-,2,,88.5,88.5,23,NN,DV,12.5,"Gaevle",
351,SK6RKG,434.92500,-,2,Tone,114.8,114.8,023,NN,FM,12.5,"Halmstad",
352,SG4AVE,434.92500,-,2,Tone,74.4,74.4,023,NN,FM,12.5,"Kil",
353,SM0WAJ,434.92500,-,2,Tone,77.0,77.0,023,NN,FM,12.5,"Skaerholmen",
354,SA7CCO,434.92500,-,2,Tone,79.7,79.7,023,NN,FM,12.5,"Ystad",
355,SK5WB,434.95000,-,2,Tone,156.7,156.7,023,NN,FM,12.5,"Enkoeping",
356,SM6YOF,434.95000,-,2,,88.5,88.5,023,NN,FM,12.5,"Goeteborg, Torslanda",
357,SK7RBK,434.95000,-,2,,88.5,88.5,023,NN,FM,12.5,"Haessleholm, Bjaernum",
358,SK6BA,434.95000,-,2,Tone,1750,1750,023,NN,FM,12.5,"Kinna",
359,SK6QW,434.95000,-,2,,88.5,88.5,023,NN,FM,12.5,"Kinnekulle",
360,SM7YKX,434.95000,-,2,,88.5,88.5,23,NN,DV,12.5,"Malmoe",
361,SL5ZYT,434.95000,-,2,Tone,82.5,82.5,023,NN,FM,12.5,"Norrkoeping",
362,SM0WHP,434.95000,+,1.6,,88.5,88.5,023,NN,FM,12.5,"Norrtaelje, Svartberga",
363,SM3VAC,434.95000,-,1.6,,88.5,88.5,023,NN,FM,12.5,"Nyland",
364,SK3RMG,434.97500,-,1.6,,88.5,88.5,023,NN,FM,12.5,"Bergsjoe",
365,SK5VM,434.97500,-,2,Tone,82.5,82.5,023,NN,FM,12.5,"Eskilstuna",
366,SK6RDG,434.97500,-,2,Tone,114.8,114.8,023,NN,FM,12.5,"Goeteborg, Guldheden",
367,SK0VR,434.97500,-,2,,88.5,88.5,023,NN,FM,12.5,"Gustavsberg",
368,SA7ATK,434.97500,-,2,,88.5,88.5,023,NN,FM,12.5,"Haessleholm, Tormestorp",
369,SK2AT,434.97500,-,2,,88.5,88.5,23,NN,DV,12.5,"Umeaa",
370,SK0CT,1297.02500,-,6,,88.5,88.5,023,NN,FM,12.5,"Stockholm, Kista",
371,SK3XX,1297.07500,-,6,,88.5,88.5,23,NN,DV,12.5,"Soederhamn",
372,SK3RMG,1297.10000,-,6,,88.5,88.5,023,NN,FM,12.5,"Bergsjoe",
373,SK6RKI,1297.15000,-,6,,88.5,88.5,023,NN,FM,12.5,"Goeteborg, Guldheden",
374,SK7REP,1297.17500,-,6,,88.5,88.5,023,NN,FM,12.5,"Malmoe",
375,SK7CY,1297.20000,-,6,,88.5,88.5,023,NN,FM,12.5,"Helsingborg",
376,SK3WH,1297.27500,-,6,,88.5,88.5,023,NN,FM,12.5,"Hoegakustenbron",
377, ,434850.00000,-,2000,,88.5,88.5,023,NN,FM,12.5,"Stockholm",
